sku,name,brand,pattern,libbey_type,phg_family,capacity_oz,capacity_ml,height_in,max_diameter_in,height_mm,max_diameter_mm,price_low,price_high,case_pack,made_in_usa,sample_eligible,image,url
3816,Belgian Stacking Belgian Beer Taster,Libbey,Belgian,Beer,beer,5.0,147.9,3.94,2.72,100.1,69.1,5.00,5.70,24 Pieces,,true,"https://images.salsify.com/image/upload/s--LIKUdE8L--/if_w_gt_2048,w_2048,c_fit/70d8fba8b5111cc8487bd33961b5db3d75ea51ce.jpg",https://libbeyfoodservice.com/product/3816
265,Glass Can 5 Oz Taster,Libbey,Glass Can,Beer,beer,5.0,147.9,3.56,2.06,90.4,52.3,2.35,2.70,24 Pieces,,true,"https://images.salsify.com/image/upload/s--YAk-mOho--/if_w_gt_2048,w_2048,c_fit/1e64d8d94dd491ed7ac71a85987f34981e426ac3.jpg",https://libbeyfoodservice.com/product/265
4809,Pub Mini Pub Glass,Libbey,Pub,Beer,beer,5.0,147.9,3.86,2.39,98.0,60.7,3.10,3.55,24 Pieces,,true,"https://images.salsify.com/image/upload/s--3xhgSvPl--/if_w_gt_2048,w_2048,c_fit/77c045d7c2b606e5a394d866f79f3ab51076375c.jpg",https://libbeyfoodservice.com/product/4809
16,Heavy Base Pilsner,Libbey,Heavy Base,Beer,beer,6.0,177.4,5.0,5.25,127.0,133.3,2.65,3.05,72 Pieces,,true,"https://images.salsify.com/image/upload/s--Y_VpLyFU--/if_w_gt_2048,w_2048,c_fit/018e26a8560ceaf9477419ce4a8bc94482358505.jpg",https://libbeyfoodservice.com/product/16
3817,Belgian Stacking Belgian Beer,Libbey,Belgian,Beer,beer,10.0,295.7,5.16,3.19,131.1,81.0,6.20,7.05,12 Pieces,,true,"https://images.salsify.com/image/upload/s--YOcweW0G--/if_w_gt_2048,w_2048,c_fit/1d82979fe7b442edb202d1e99676e97f66730a1c.jpg",https://libbeyfoodservice.com/product/3817
5210,Hoffman House Footed Goblet,Libbey,Hoffman House,Beer,beer,10.0,295.7,6.13,4.0,155.7,101.6,10.35,11.80,12 Pieces,,true,"https://images.salsify.com/image/upload/s--AdC2LwJW--/if_w_gt_2048,w_2048,c_fit/1007f835cff59120fce08ff231bd6e593cd86682.jpg",https://libbeyfoodservice.com/product/5210
1178HT,Hourglass Heat Treated Pilsner,Libbey,Hourglass,Beer,beer,10.0,295.7,5.75,2.75,146.0,69.8,3.85,4.40,24 Pieces,,true,"https://images.salsify.com/image/upload/s--JSWvWG_9--/if_w_gt_2048,w_2048,c_fit/81b058d3acf3a672aedd1403af0c273f8318c23c.jpg",https://libbeyfoodservice.com/product/1178ht
178,Hourglass Pilsner,Libbey,Hourglass,Beer,beer,10.0,295.7,5.75,2.75,146.0,69.8,2.85,3.30,24 Pieces,,true,"https://images.salsify.com/image/upload/s--mfPrpbOP--/if_w_gt_2048,w_2048,c_fit/2cb40c213f6d7f5bd0734ec1236364f314967ac7.jpg",https://libbeyfoodservice.com/product/178
19,Flare Pilsner,Libbey,Flare,Beer,beer,11.5,340.1,7.25,3.25,184.1,82.5,4.70,5.35,36 Pieces,,true,"https://images.salsify.com/image/upload/s--caY3cD7o--/if_w_gt_2048,w_2048,c_fit/a331413e289a97e3b9ec7c2ef6a14c0c27352659.jpg",https://libbeyfoodservice.com/product/19
3828,Catalina Pilsner,Libbey,Catalina,Beer,beer,12.0,354.9,9.0,3.0,228.6,76.2,8.75,10.00,24 Pieces,,true,"https://images.salsify.com/image/upload/s--mCwYhZL3--/if_w_gt_2048,w_2048,c_fit/afd1a2bfc088fe5fa874efee4d82a711b007a3ef.jpg",https://libbeyfoodservice.com/product/3828
3728,Embassy Beer,Libbey,Embassy,Beer,beer,12.0,354.9,7.13,2.88,181.1,73.2,6.05,6.95,24 Pieces,,true,"https://images.salsify.com/image/upload/s--9lZeRSSU--/if_w_gt_2048,w_2048,c_fit/beef79fb50c2a154bb6f04db4ee28ba9ae91cad8.jpg",https://libbeyfoodservice.com/product/3728
3725,"Embassy Beer, Thick Stem",Libbey,Embassy,Beer,beer,12.0,354.9,7.13,2.75,181.1,69.8,6.05,6.95,36 Pieces,,true,"https://images.salsify.com/image/upload/s--jqN45-j5--/if_w_gt_2048,w_2048,c_fit/e821036c12db41bd19c91422ae6515429f8cc46d.jpg",https://libbeyfoodservice.com/product/3725
5212,Hoffman House Footed Goblet,Libbey,Hoffman House,Beer,beer,12.0,354.9,6.13,4.0,155.7,101.6,10.55,12.05,12 Pieces,,true,"https://images.salsify.com/image/upload/s--Y7Or31T2--/if_w_gt_2048,w_2048,c_fit/301bbee27555cdc8fd0b8c37e6552c374eceadbb.jpg",https://libbeyfoodservice.com/product/5212
1181HT,Hourglass Heat Treated Pilsner,Libbey,Hourglass,Beer,beer,12.0,354.9,6.0,3.13,152.4,79.5,4.55,5.15,24 Pieces,,true,"https://images.salsify.com/image/upload/s--Ee-2oy3U--/if_w_gt_2048,w_2048,c_fit/893b331608e74fc113db8ebe9d53df43b33127ae.jpg",https://libbeyfoodservice.com/product/1181ht
181,Hourglass Pilsner,Libbey,Hourglass,Beer,beer,12.0,354.9,6.0,3.13,152.4,79.5,3.25,3.70,24 Pieces,,true,"https://images.salsify.com/image/upload/s--Se3Y99Au--/if_w_gt_2048,w_2048,c_fit/86fe38151ac41505126bf6f4c52a5e49e9df90a6.jpg",https://libbeyfoodservice.com/product/181
3812,Specialty Glassware Footed Ale,Libbey,Specialty Glasses,Beer,beer,12.0,354.9,6.5,3.0,165.1,76.2,6.40,7.30,36 Pieces,,true,"https://images.salsify.com/image/upload/s--2KgBhlCG--/if_w_gt_2048,w_2048,c_fit/36566e0133532f872ee17e82f6a74aaeaf06a737.jpg",https://libbeyfoodservice.com/product/3812
4518024,Vino Grande Pilsner,Spiegelau,Vino Grande,Beer,beer,12.5,369.7,6.88,2.88,174.8,73.2,16.05,18.35,12 Pieces,,true,"https://images.salsify.com/image/upload/s--Z_C6BbKI--/if_w_gt_2048,w_2048,c_fit/f7c7fb8d61f82790ab100619210199b6b0d87243.jpg",https://libbeyfoodservice.com/product/4518024
3807,Belgian Beer,Libbey,Belgian,Beer,beer,13.0,384.5,5.5,3.5,139.7,88.9,7.10,8.10,12 Pieces,,true,"https://images.salsify.com/image/upload/s--BOlgRJX5--/if_w_gt_2048,w_2048,c_fit/d967f5ee4eb171feaf36789efb60f12a66073090.jpg",https://libbeyfoodservice.com/product/3807
9170,Circa Beer Belgian Ale,Reserve by Libbey,Circa,Beer,beer,13.0,384.5,5.68,3.49,144.3,88.6,8.00,9.15,12 Pieces,,true,"https://images.salsify.com/image/upload/s--2c8Iwo1b--/if_w_gt_2048,w_2048,c_fit/a5b8a23d45216dfbfae5f17749c414e84f640ecf.jpg",https://libbeyfoodservice.com/product/9170
109298,Infinium Belgian Beer Glass,Libbey,Infinium,Beer,beer,13.0,384.5,5.63,2.63,143.0,66.8,10.95,12.50,12 Pieces,,true,"https://images.salsify.com/image/upload/s--HKsZo9Ar--/if_w_gt_2048,w_2048,c_fit/8aba762c21a00c3a557fb7d1791af4a94ca30510.jpg",https://libbeyfoodservice.com/product/109298
920291,Munique Beer,Libbey,Munique,Beer,beer,13.5,399.2,7.13,3.25,181.1,82.5,7.00,8.00,12 Pieces,,true,"https://images.salsify.com/image/upload/s--QHOwt1kk--/if_w_gt_2048,w_2048,c_fit/7ba79a64bc89734716bc885aff9e4b82770f1778.jpg",https://libbeyfoodservice.com/product/920291
3730,Embassy Beer,Libbey,Embassy,Beer,beer,14.0,414.0,7.38,3.0,187.5,76.2,6.05,6.95,24 Pieces,,true,"https://images.salsify.com/image/upload/s--eBzlQ3bC--/if_w_gt_2048,w_2048,c_fit/5c1a3e4ceb36a1ecb12fca761a2a00a3f5166d3e.jpg",https://libbeyfoodservice.com/product/3730
15429,Gibraltar Footed Pilsner,Libbey,Gibraltar,Beer,beer,14.0,414.0,7.75,3.25,196.8,82.5,8.95,10.20,24 Pieces,,true,"https://images.salsify.com/image/upload/s--4hiVgGmG--/if_w_gt_2048,w_2048,c_fit/371c5aa3ddf4a9086f0572ab4a9cf39cae9e813c.jpg",https://libbeyfoodservice.com/product/15429
92417,Infinium Classic Pilsner,Libbey,Infinium,Beer,beer,14.0,414.0,7.0,2.88,177.8,73.2,10.35,11.80,12 Pieces,,true,"https://images.salsify.com/image/upload/s--u_fwxX8e--/if_w_gt_2048,w_2048,c_fit/48b637852917f73d4ac054b1a9da4e8cb5ccead0.jpg",https://libbeyfoodservice.com/product/92417
526,Pinnacle Beer,Libbey,Pinnacle,Beer,beer,14.0,414.0,8.5,2.88,215.9,73.2,6.55,7.45,24 Pieces,,true,"https://images.salsify.com/image/upload/s--yjLIu2m0--/if_w_gt_2048,w_2048,c_fit/28b7d1c76e9401f0b9570fd2f8df7d30a8307dda.jpg",https://libbeyfoodservice.com/product/526
15141,Restaurant Basics Cooler,Libbey,Restaurant Basics,Beer,beer,14.0,414.0,5.88,3.5,149.4,88.9,5.00,5.70,24 Pieces,,true,"https://images.salsify.com/image/upload/s--M58F8kde--/if_w_gt_2048,w_2048,c_fit/36fe76c9980647610fb69d79211d0e854f6b4f5f.jpg",https://libbeyfoodservice.com/product/15141
4998050,Beer Classics Tall Pilsner,Spiegelau,Bar Classics,Beer,beer,14.25,421.4,8.63,2.5,219.2,63.5,17.30,19.75,12 Pieces,,true,"https://images.salsify.com/image/upload/s--C73GSe5V--/if_w_gt_2048,w_2048,c_fit/cf36e1ef799ddb6b469a0986b9ba9431fed1e9c9.jpg",https://libbeyfoodservice.com/product/4998050
1008,Beers Stacking Craft Beer,Libbey,Beers,Beer,beer,14.25,421.4,5.19,3.37,131.8,85.6,5.25,6.00,12 Pieces,,true,"https://images.salsify.com/image/upload/s--iUCS-wFY--/if_w_gt_2048,w_2048,c_fit/2230d9bb129bdfed44fe0e98b98e8aea8c6c93a1.jpg",https://libbeyfoodservice.com/product/1008
3823,Catalina Tall Beer,Libbey,Catalina,Beer,beer,14.5,428.8,9.38,3.25,238.3,82.5,9.55,10.90,24 Pieces,,true,"https://images.salsify.com/image/upload/s--HW2LY0S7--/if_w_gt_2048,w_2048,c_fit/9bb769b8576bf4db9c5fb5ac8dbf80cecbe349af.jpg",https://libbeyfoodservice.com/product/3823
3915,Teardrop Beer,Libbey,Teardrop,Beer,beer,14.75,436.2,7.0,3.25,177.8,82.5,6.45,7.35,36 Pieces,,true,"https://images.salsify.com/image/upload/s--eH10vxof--/if_w_gt_2048,w_2048,c_fit/6e6cde58b39bea9684c151de926615b142fbb763.jpg",https://libbeyfoodservice.com/product/3915
5011,Beer Mug,Libbey,Beer Mug,Beer,beer,15.0,443.6,5.5,4.5,139.7,114.3,6.85,7.80,12 Pieces,,true,"https://images.salsify.com/image/upload/s--KEFHGYi8--/if_w_gt_2048,w_2048,c_fit/563c4028c20bf9808f528ed157197b7e1d5d9b2d.jpg",https://libbeyfoodservice.com/product/5011
183,Hourglass Pilsner,Libbey,Hourglass,Beer,beer,15.0,443.6,6.63,3.25,168.4,82.5,3.70,4.20,36 Pieces,,true,"https://images.salsify.com/image/upload/s--z-65ngcS--/if_w_gt_2048,w_2048,c_fit/e6b30383e0e4c7213928b85c821a2ff63b88f2c9.jpg",https://libbeyfoodservice.com/product/183
1690,Altitude Tall Beer,Libbey,Altitude,Beer,beer,16.0,473.2,9.25,2.63,234.9,66.8,6.35,7.25,24 Pieces,,true,"https://images.salsify.com/image/upload/s--MqrIVskC--/if_w_gt_2048,w_2048,c_fit/046d8a115bac592d87fc6cf498fb52c7657c5f5e.jpg",https://libbeyfoodservice.com/product/1690
4998024,Beer Classics Stemmed Pilsner,Spiegelau,Bar Classics,Beer,beer,16.0,473.2,6.63,4.38,168.4,111.3,19.10,21.85,12 Pieces,,true,"https://images.salsify.com/image/upload/s--_rOuXo7Z--/if_w_gt_2048,w_2048,c_fit/d87abbf58bf3128049a774d461e9758d2e2f2be4.jpg",https://libbeyfoodservice.com/product/4998024
3808,Belgian Beer,Libbey,Belgian,Beer,beer,16.0,473.2,6.0,3.75,152.4,95.2,7.35,8.40,12 Pieces,,true,"https://images.salsify.com/image/upload/s--4ne-YBjy--/if_w_gt_2048,w_2048,c_fit/001022d6db57899a4a4bf2e87c939e6ad00017af.jpg",https://libbeyfoodservice.com/product/3808
209,Can Glass Tumbler,Libbey,Glass Can,Beer,beer,16.0,473.2,5.25,3.0,133.3,76.2,2.65,3.00,24 Pieces,,true,"https://images.salsify.com/image/upload/s--lNhAmXP9--/if_w_gt_2048,w_2048,c_fit/d9768dd28847518c2c7d0657c311f7b6d5d2d678.jpg",https://libbeyfoodservice.com/product/209
3804,Embassy Pilsner,Libbey,Embassy,Beer,beer,16.0,473.2,7.63,3.5,193.8,88.9,6.20,7.10,24 Pieces,,true,"https://images.salsify.com/image/upload/s--qHbjNvB8--/if_w_gt_2048,w_2048,c_fit/40ad9ca87503bc20e0330bcce67009f0cc6ebbd0.jpg",https://libbeyfoodservice.com/product/3804
247,Flare Pilsner,Libbey,Flare,Beer,beer,16.0,473.2,8.38,3.5,212.9,88.9,6.20,7.10,12 Pieces,,true,"https://images.salsify.com/image/upload/s--b3hBwgH6--/if_w_gt_2048,w_2048,c_fit/2fdedb2bd1b20b5e2aa3a02c69fee04436f480eb.jpg",https://libbeyfoodservice.com/product/247
1604,Giant Beers Pilsner,Libbey,Giant Beers,Beer,beer,16.0,473.2,8.5,3.0,215.9,76.2,5.20,5.95,24 Pieces,,true,"https://images.salsify.com/image/upload/s--fgk_zN23--/if_w_gt_2048,w_2048,c_fit/91a6759f7920aceeec0cf50f7aa8a598f6b54242.jpg",https://libbeyfoodservice.com/product/1604
99103,Infinium Classic Pilsner,Libbey,Infinium,Beer,beer,16.0,473.2,9.5,,241.3,,11.40,13.05,12 Pieces,,true,"https://images.salsify.com/image/upload/s--WuzGqxVh--/if_w_gt_2048,w_2048,c_fit/751b9a93233ff7efed4b71ac3c2bf4f5d58ea3da.jpg",https://libbeyfoodservice.com/product/99103
5020,Paneled Mug,Libbey,Paneled,Beer,beer,16.0,473.2,6.13,5.0,155.7,127.0,8.45,9.70,12 Pieces,,true,"https://images.salsify.com/image/upload/s--v_5ddlJQ--/if_w_gt_2048,w_2048,c_fit/cdefe887e4c6ab92fc5fee4b70a9b1fabdcdb750.jpg",https://libbeyfoodservice.com/product/5020
527,Pinnacle Beer,Libbey,Pinnacle,Beer,beer,16.0,473.2,9.0,3.0,228.6,76.2,6.30,7.20,24 Pieces,,true,"https://images.salsify.com/image/upload/s--iQ8v4yRs--/if_w_gt_2048,w_2048,c_fit/804f3d8e03d86404d2c36c1f692f08aad7d64abc.jpg",https://libbeyfoodservice.com/product/527
14806HT,Pub Heat-Treated English Pub Glass,Libbey,Pub,Beer,beer,16.0,473.2,6.0,3.25,152.4,82.5,5.50,6.30,36 Pieces,,true,"https://images.salsify.com/image/upload/s--1bgRQLPM--/if_w_gt_2048,w_2048,c_fit/cb1034cd3c92eaa2c29755f942d7a67125d6e3f2.jpg",https://libbeyfoodservice.com/product/14806ht
194,Pub Heavy Base Glass,Libbey,Pub,Beer,beer,16.0,473.2,6.63,3.13,168.4,79.5,4.85,5.55,36 Pieces,,true,"https://images.salsify.com/image/upload/s--EJwiJiih--/if_w_gt_2048,w_2048,c_fit/248c839371a6c72992f0f87d5ef7b3b927a84a30.jpg",https://libbeyfoodservice.com/product/194
4808,Pub Pub Glass,Libbey,Pub,Beer,beer,16.0,473.2,5.88,3.25,149.4,82.5,5.00,5.70,24 Pieces,,true,"https://images.salsify.com/image/upload/s--JxdOLqrw--/if_w_gt_2048,w_2048,c_fit/46202479402b276bbb67cc01d268e726dd1029a6.jpg",https://libbeyfoodservice.com/product/4808
14816HT,Pub Straight Sided Pub Glass,Libbey,Pub,Beer,beer,16.0,473.2,6.5,3.0,165.1,76.2,4.80,5.50,12 Pieces,,true,"https://images.salsify.com/image/upload/s--cswYSyP6--/if_w_gt_2048,w_2048,c_fit/d81be805aebd6159a4838eb3165d9e96280197dd.jpg",https://libbeyfoodservice.com/product/14816ht
1639/1918M,Restaurant Basics Measuring Glass,Libbey,Restaurant Basics,Beer,beer,16.0,473.2,5.88,3.5,149.4,88.9,6.00,6.85,8 Pieces,,true,"https://images.salsify.com/image/upload/s--9coTTbmK--/if_w_gt_2048,w_2048,c_fit/0f258f613a8e9457f75e2e5236ba3be531b01b43.jpg",https://libbeyfoodservice.com/product/1639-1918m
920284,Munique Beer,Libbey,Munique,Beer,beer,16.5,488.0,7.88,3.75,200.2,95.2,7.20,8.20,12 Pieces,,true,"https://images.salsify.com/image/upload/s--3jMPQgSu--/if_w_gt_2048,w_2048,c_fit/51a7cb3db7abcb946bf4acabd068a97ca926cb09.jpg",https://libbeyfoodservice.com/product/920284
1009,Beers Stacking Craft Beer,Libbey,Beers,Beer,beer,16.75,495.4,5.72,3.37,145.3,85.6,5.60,6.40,12 Pieces,,true,"https://images.salsify.com/image/upload/s--56d50u0G--/if_w_gt_2048,w_2048,c_fit/051ef679cd868be242da5423f78e7dda361dffd6.jpg",https://libbeyfoodservice.com/product/1009
1785473,Schooners Schooner,Libbey,Schooners,Beer,beer,18.0,532.3,7.16,4.63,181.9,117.6,14.50,16.60,12 Pieces,,true,"https://images.salsify.com/image/upload/s--jX52NDlP--/if_w_gt_2048,w_2048,c_fit/ad383f9b9223eb7f640324207fd72e46a9621478.jpg",https://libbeyfoodservice.com/product/1785473
4998052,Beer Classics Ipa Beer,Spiegelau,Bar Classics,Beer,beer,18.25,539.7,7.38,3.25,187.5,82.5,17.10,19.55,12 Pieces,,true,"https://images.salsify.com/image/upload/s--7G3Id8-f--/if_w_gt_2048,w_2048,c_fit/a8a6b0b9d11cef4ca73de1661dd4598f390eb681.jpg",https://libbeyfoodservice.com/product/4998052
195,Pub Heavy Base Glass,Libbey,Pub,Beer,beer,19.0,561.9,7.13,3.38,181.1,85.9,5.25,6.00,36 Pieces,,true,"https://images.salsify.com/image/upload/s--rbdhilb2--/if_w_gt_2048,w_2048,c_fit/2354f5610a7de005287a3392daabc9c6c825e6cb.jpg",https://libbeyfoodservice.com/product/195
1242HT,Flare Heat Treated Pilsner,Libbey,Flare,Beer,beer,19.25,569.3,8.0,3.88,203.2,98.6,6.65,7.60,12 Pieces,,true,"https://images.salsify.com/image/upload/s--kbwDeJdm--/if_w_gt_2048,w_2048,c_fit/fac6c71d96175a409d192cae67dda742bf50abd0.jpg",https://libbeyfoodservice.com/product/1242ht
1629,Giant Beers Beer,Libbey,Giant Beers,Beer,beer,20.0,591.5,8.38,3.38,212.9,85.9,5.65,6.50,12 Pieces,,true,"https://images.salsify.com/image/upload/s--tvvosZTW--/if_w_gt_2048,w_2048,c_fit/fac0baab2d3fba3052cc1eb36e7612bef00b7a55.jpg",https://libbeyfoodservice.com/product/1629
15665,Gibraltar Cooler,Libbey,Gibraltar,Beer,beer,20.0,591.5,6.75,3.75,171.4,95.2,7.20,8.20,24 Pieces,,true,"https://images.salsify.com/image/upload/s--O-YbQOT6--/if_w_gt_2048,w_2048,c_fit/cecd04169df6dbd79a417cdf04501626f946f354.jpg",https://libbeyfoodservice.com/product/15665
266,Glass Can 20 Oz Tumbler,Libbey,Glass Can,Beer,beer,20.0,591.5,6.34,3.0,161.0,76.2,3.00,3.45,12 Pieces,,true,"https://images.salsify.com/image/upload/s--1ZMJg9PE--/if_w_gt_2048,w_2048,c_fit/665b243824506b62a74b871d17c2c6aec0a1f5d2.jpg",https://libbeyfoodservice.com/product/266
14801HT,Pub Heat-Treated English Pub Glass,Libbey,Pub,Beer,beer,20.0,591.5,6.0,3.5,152.4,88.9,5.75,6.60,36 Pieces,,true,"https://images.salsify.com/image/upload/s--d4YJGRmI--/if_w_gt_2048,w_2048,c_fit/7d5abb6820bb4e984d5331c512e3ef13063a4f01.jpg",https://libbeyfoodservice.com/product/14801ht
4803,Pub Pub Glass,Libbey,Pub,Beer,beer,20.0,591.5,6.13,3.38,155.7,85.9,5.85,6.70,24 Pieces,,true,"https://images.salsify.com/image/upload/s--Ul1NhWnT--/if_w_gt_2048,w_2048,c_fit/66a588882d336a2935a5d2467bc67afc770776da.jpg",https://libbeyfoodservice.com/product/4803
196,Pub Straight Sided Pub Glass,Libbey,Pub,Beer,beer,20.0,591.5,6.88,3.25,174.8,82.5,5.25,6.00,24 Pieces,,true,"https://images.salsify.com/image/upload/s--zz4Ms09O--/if_w_gt_2048,w_2048,c_fit/8e18a4d24ce83c32c5eff7db58fad93124095ef6.jpg",https://libbeyfoodservice.com/product/196
15144,Restaurant Basics Cooler,Libbey,Restaurant Basics,Beer,beer,20.0,591.5,6.75,3.63,171.4,92.2,6.40,7.30,24 Pieces,,true,"https://images.salsify.com/image/upload/s--_WWZ2mkC--/if_w_gt_2048,w_2048,c_fit/e0bc254a731cabe5a24d08a445cdd22d4514c852.jpg",https://libbeyfoodservice.com/product/15144
1700157,Schooners Suprema Schooner,Libbey,Schooners,Beer,beer,20.5,606.3,7.5,5.25,190.5,133.3,15.60,17.80,12 Pieces,,true,"https://images.salsify.com/image/upload/s--Mf9WJ-Au--/if_w_gt_2048,w_2048,c_fit/f750c96008aea4aa5f38396f35e0d92bd908539a.jpg",https://libbeyfoodservice.com/product/1700157
1722471,Schooners Schooner,Libbey,Schooners,Beer,beer,21.0,621.0,7.25,4.75,184.1,120.6,14.70,16.80,12 Pieces,,true,"https://images.salsify.com/image/upload/s--Mz28eyyq--/if_w_gt_2048,w_2048,c_fit/9b3e148809a4aeb8a705901c888c1c989bda3f97.jpg",https://libbeyfoodservice.com/product/1722471
5360,Beer Mug,Libbey,Beer Mug,Beer,beer,22.0,650.6,8.0,5.13,203.2,130.3,11.25,12.90,12 Pieces,,true,"https://images.salsify.com/image/upload/s--wBBZ-kMx--/if_w_gt_2048,w_2048,c_fit/425a992a87aebf2d878496e3949043dc7b22173e.jpg",https://libbeyfoodservice.com/product/5360
15722,Restaurant Basics Cooler,Libbey,Restaurant Basics,Beer,beer,22.0,650.6,7.0,3.63,177.8,92.2,6.40,7.30,24 Pieces,,true,"https://images.salsify.com/image/upload/s--MZOk4iZI--/if_w_gt_2048,w_2048,c_fit/1c56e50c8fbfe9ca5b74ff8550aa59d56e0b8819.jpg",https://libbeyfoodservice.com/product/15722
1623,Giant Beers Beer,Libbey,Giant Beers,Beer,beer,23.0,680.2,9.13,3.38,231.9,85.9,5.85,6.70,12 Pieces,,true,"https://images.salsify.com/image/upload/s--c0WrEzWi--/if_w_gt_2048,w_2048,c_fit/1eb5e1a8a79f2f459055bea05249e009a83f87e0.jpg",https://libbeyfoodservice.com/product/1623
1610,"Giant Beers Beer, Heavy Base",Libbey,Giant Beers,Beer,beer,23.0,680.2,9.25,3.38,234.9,85.9,8.80,10.05,12 Pieces,,true,"https://images.salsify.com/image/upload/s--lcIAmEwv--/if_w_gt_2048,w_2048,c_fit/00632ae86cb1fd3646bf114b238da96c2eedc4e5.jpg",https://libbeyfoodservice.com/product/1610
1611,"Giant Beers Beer, Rounded",Libbey,Giant Beers,Beer,beer,23.0,680.2,8.88,3.63,225.6,92.2,5.95,6.80,12 Pieces,,true,"https://images.salsify.com/image/upload/s--_jW-cHVI--/if_w_gt_2048,w_2048,c_fit/f3b3fbe477637c91e917f92a3c539bd4d2743dee.jpg",https://libbeyfoodservice.com/product/1611
15235,Gibraltar Cooler,Libbey,Gibraltar,Cooler Tumbler,collins,12.0,354.9,5.88,3.13,149.4,79.5,4.80,5.50,36 Pieces,,true,"https://images.salsify.com/image/upload/s--9LviUO4a--/if_w_gt_2048,w_2048,c_fit/fc5a66e2b72f6c2fe6118d0c249450214658c40d.jpg",https://libbeyfoodservice.com/product/15235
9184,"Radius Cooler, 12-Ounce",Reserve by Libbey,Radius,Cooler Tumbler,collins,12.0,354.9,5.73,2.56,145.5,65.0,7.25,8.30,12 Pieces,,true,"https://images.salsify.com/image/upload/s--tYAZ_3Mu--/if_w_gt_2048,w_2048,c_fit/edda38567daad9f1e14aa06ce041e8940c148093.jpg",https://libbeyfoodservice.com/product/9184
1009361,Slim Can Glass Tumbler,Libbey,Glass Can,Cooler Tumbler,collins,12.5,369.7,6.42,2.36,163.1,59.9,2.60,3.00,24 Pieces,,true,"https://images.salsify.com/image/upload/s--5zlXfN24--/if_w_gt_2048,w_2048,c_fit/2721b6d5e4f530cb456117cc0bd42fb300151f13.jpg",https://libbeyfoodservice.com/product/1009361
N105443,"Noblesse Longdrink, Smoke",Nachtmann,Noblesse,Cooler Tumbler,collins,13.5,399.2,6.0,3.0,152.4,76.2,20.85,23.80,6 Pieces,,true,"https://images.salsify.com/image/upload/s--PdT10egd--/if_w_gt_2048,w_2048,c_fit/9e1cce1e5e3961c7512f7e32644180dff66b10c0.jpg",https://libbeyfoodservice.com/product/n105443
N105713,"Noblesse Longdrink, Taupe",Nachtmann,Noblesse,Cooler Tumbler,collins,13.5,399.2,6.0,3.0,152.4,76.2,20.85,23.80,6 Pieces,,true,"https://images.salsify.com/image/upload/s--RJucMV_S--/if_w_gt_2048,w_2048,c_fit/d2653c00be62b9eff5becf72a7b6a83fcaf3d687.jpg",https://libbeyfoodservice.com/product/n105713
113070,Infinium Alto Beverage,Libbey,Infinium Alto,Cooler Tumbler,collins,14.0,414.0,,,,,9.70,11.05,12 Pieces,,true,"https://images.salsify.com/image/upload/s--f9nw36mj--/if_w_gt_2048,w_2048,c_fit/9132fd005640ece87857555c9785fbef70d3f047.jpg",https://libbeyfoodservice.com/product/113070
926774,Ocular Beverage,Libbey,Ocular,Cooler Tumbler,collins,14.0,414.0,6.13,3.5,155.7,88.9,5.80,6.65,12 Pieces,,true,"https://images.salsify.com/image/upload/s--g4kcA809--/if_w_gt_2048,w_2048,c_fit/d7fa345abe5b16bc80024714de86775ef63b7b9c.jpg",https://libbeyfoodservice.com/product/926774
4507519,Perfect Serve Pool Longdrink,Spiegelau,Perfect Serve Pool,Cooler Tumbler,collins,14.0,414.0,5.98,2.84,151.9,72.1,22.40,25.60,12 Pieces,,true,"https://images.salsify.com/image/upload/s--dzA-RNlH--/if_w_gt_2048,w_2048,c_fit/0287e8a24ee76fbb69c116c66c39d47f715c2333.jpg",https://libbeyfoodservice.com/product/4507519
N105187,Ethno Longdrink,Nachtmann,Ethno,Cooler Tumbler,collins,14.25,421.4,15.1,7.7,383.5,195.6,13.95,15.95,12 Pieces,,true,"https://images.salsify.com/image/upload/s--XbAQhSkE--/if_w_gt_2048,w_2048,c_fit/226f6145c661021150f4249ab7e36455403e35a1.jpg",https://libbeyfoodservice.com/product/n105187
4918009,Ultra Longdrink,Spiegelau,Ultra,Cooler Tumbler,collins,15.0,443.6,5.0,3.0,127.0,76.2,11.45,13.05,12 Pieces,,true,"https://images.salsify.com/image/upload/s--LkQMGRV9--/if_w_gt_2048,w_2048,c_fit/ee979f8a34a84b0de415e645be703a8ee4f9538c.jpg",https://libbeyfoodservice.com/product/4918009
15477,Inverness Cooler,Libbey,Inverness,Cooler Tumbler,collins,15.25,451.0,6.13,3.5,155.7,88.9,7.35,8.40,24 Pieces,,true,"https://images.salsify.com/image/upload/s--upy3S8FN--/if_w_gt_2048,w_2048,c_fit/03a9c8da45a6c2a8e622254472d6a155795ff190.jpg",https://libbeyfoodservice.com/product/15477
2369,Lexington Cooler,Libbey,Lexington,Cooler Tumbler,collins,15.5,458.4,5.88,2.88,149.4,73.2,4.40,5.00,36 Pieces,,true,"https://images.salsify.com/image/upload/s--Arm0KZYP--/if_w_gt_2048,w_2048,c_fit/5e6eb1ecc9603869006d5c371566970c779f8da1.jpg",https://libbeyfoodservice.com/product/2369
817CD,Heavy Base Finedge Cooler,Libbey,Heavy Base,Cooler Tumbler,collins,15.75,465.8,6.25,3.0,158.8,76.2,4.40,5.00,36 Pieces,,true,"https://images.salsify.com/image/upload/s--_hV4pCNt--/if_w_gt_2048,w_2048,c_fit/53c8fd45ae0a24e4a8410640eb800e3801856adc.jpg",https://libbeyfoodservice.com/product/817cd
92303,Aruba Cooler,Libbey,Aruba,Cooler Tumbler,collins,16.0,473.2,5.63,3.25,143.0,82.5,12.50,14.30,12 Pieces,,true,"https://images.salsify.com/image/upload/s--qVSTrXgw--/if_w_gt_2048,w_2048,c_fit/8c45336823dca3cc8c5818d9538071a8e794d615.jpg",https://libbeyfoodservice.com/product/92303
92303R,Aruba Cooler,Libbey,Aruba,Cooler Tumbler,collins,16.0,473.2,5.63,3.25,143.0,82.5,13.95,15.90,12 Pieces,,true,"https://images.salsify.com/image/upload/s--TBFtGuWc--/if_w_gt_2048,w_2048,c_fit/3c8cb75065d7d8b3836a8b0ae084fbd9099770fb.jpg",https://libbeyfoodservice.com/product/92303r
92304,Aruba Zombie Cooler,Libbey,Aruba,Cooler Tumbler,collins,16.0,473.2,7.25,2.75,184.1,69.8,13.15,15.05,12 Pieces,,true,"https://images.salsify.com/image/upload/s--EUgqNoEa--/if_w_gt_2048,w_2048,c_fit/2837cf8881fd3809be6f8acbc5fcd1354c05cd92.jpg",https://libbeyfoodservice.com/product/92304
29811HT,Cascade Heat-Treated Cooler,Libbey,Cascade,Cooler Tumbler,collins,16.0,473.2,6.0,3.0,152.4,76.2,5.20,5.95,24 Pieces,,true,"https://images.salsify.com/image/upload/s--HQuKkjvs--/if_w_gt_2048,w_2048,c_fit/c4d59c12b2574407d114e56e559783417286efa6.jpg",https://libbeyfoodservice.com/product/29811ht
1009456,Dahlia Beverage,Libbey,Dahlia,Cooler Tumbler,collins,16.0,473.2,6.51,3.33,165.4,84.6,6.60,7.55,12 Pieces,,true,"https://images.salsify.com/image/upload/s--H9isnXrC--/if_w_gt_2048,w_2048,c_fit/4877dc51b3a34e31e9a44e2acf2458d72794d5aa.jpg",https://libbeyfoodservice.com/product/1009456
15816,Elan Cooler,Libbey,Elan,Cooler Tumbler,collins,16.0,473.2,7.0,3.25,177.8,82.5,7.30,8.35,12 Pieces,,true,"https://images.salsify.com/image/upload/s--ndxvd78D--/if_w_gt_2048,w_2048,c_fit/a31e108cedcc9756712491ed26b88d9546cc1819.jpg",https://libbeyfoodservice.com/product/15816
12264,Embassy Cooler,Libbey,Embassy,Cooler Tumbler,collins,16.0,473.2,6.0,3.13,152.4,79.5,5.95,6.80,36 Pieces,,true,"https://images.salsify.com/image/upload/s--pHdo9UR6--/if_w_gt_2048,w_2048,c_fit/2717f3706d69e254cf348698c7894c176cf21a15.jpg",https://libbeyfoodservice.com/product/12264
15715,Endeavor Cooler,Libbey,Endeavor,Cooler Tumbler,collins,16.0,473.2,7.0,3.25,177.8,82.5,7.35,8.35,12 Pieces,,true,"https://images.salsify.com/image/upload/s--QV4lkcep--/if_w_gt_2048,w_2048,c_fit/e0fedce2bf969af185328e77be204525a620b633.jpg",https://libbeyfoodservice.com/product/15715
15256,Gibraltar Cooler,Libbey,Gibraltar,Cooler Tumbler,collins,16.0,473.2,6.38,3.38,162.1,85.9,6.20,7.10,24 Pieces,,true,"https://images.salsify.com/image/upload/s--CziOkrE9--/if_w_gt_2048,w_2048,c_fit/3c800f1f506bfd281aef2a0cf4818fc4e6ce3ec9.jpg",https://libbeyfoodservice.com/product/15256
15651,Gibraltar Stackable Cooler,Libbey,Stacking Gibraltar,Cooler Tumbler,collins,16.0,473.2,6.63,3.25,168.4,82.5,7.65,8.75,36 Pieces,,true,"https://images.salsify.com/image/upload/s--F5wZAhVq--/if_w_gt_2048,w_2048,c_fit/b67ad7a793240832476f54275596cfcbb21ceec5.jpg",https://libbeyfoodservice.com/product/15651
5633,Hobstar Cooler,Libbey,Hobstar,Cooler Tumbler,collins,16.0,473.2,6.0,3.25,152.4,82.5,5.40,6.20,12 Pieces,,true,"https://images.salsify.com/image/upload/s--P_xT09cV--/if_w_gt_2048,w_2048,c_fit/b4e8a3132e847c13e2bb35bfec235740cc17168f.jpg",https://libbeyfoodservice.com/product/5633
5633/AB2X0F,"Hobstar Cooler, 16-Ounce, Blush",Libbey,Hobstar Color,Cooler Tumbler,collins,16.0,473.2,6.0,3.25,152.4,82.5,7.05,8.05,12 Pieces,,false,"https://images.salsify.com/image/upload/s--x_gO6X-3--/if_w_gt_2048,w_2048,c_fit/2055b020020ea2ca78aeb0e4036e301e2cf705d1.jpg",https://libbeyfoodservice.com/product/5633-ab2x0f
5633/AK7P2M,"Hobstar Cooler, 16-Ounce, Graphite",Libbey,Hobstar Color,Cooler Tumbler,collins,16.0,473.2,6.0,3.25,152.4,82.5,7.05,8.05,12 Pieces,,false,"https://images.salsify.com/image/upload/s--ponuN9G9--/if_w_gt_2048,w_2048,c_fit/8dd75e410fe4badbb634270218d015743a38152a.jpg",https://libbeyfoodservice.com/product/5633-ak7p2m
5633/AP0N7D,"Hobstar Cooler, 16-Ounce, Sapphire",Libbey,Hobstar Color,Cooler Tumbler,collins,16.0,473.2,6.0,3.25,152.4,82.5,7.05,8.05,12 Pieces,,false,"https://images.salsify.com/image/upload/s--ywTffFBt--/if_w_gt_2048,w_2048,c_fit/9c533361c0a2f02e5a20aa006a4baf811babbd77.jpg",https://libbeyfoodservice.com/product/5633-ap0n7d
5633/AC1Z1Z,"Hobstar Cooler, 16-Ounce, Topaz",Libbey,Hobstar Color,Cooler Tumbler,collins,16.0,473.2,6.0,3.25,152.4,82.5,7.05,8.05,12 Pieces,,false,"https://images.salsify.com/image/upload/s--pgoOXIUF--/if_w_gt_2048,w_2048,c_fit/84f5043aed5622ca06c70b07b5cc16b4ef9c31ca.jpg",https://libbeyfoodservice.com/product/5633-ac1z1z
92416,Infinium Classic Mixing Glass,Libbey,Infinium,Cooler Tumbler,collins,16.0,473.2,5.88,3.38,149.4,85.9,7.45,8.50,12 Pieces,,true,"https://images.salsify.com/image/upload/s--leOEvxnT--/if_w_gt_2048,w_2048,c_fit/8fb705060e35f3cb3dec2ef1e44ad5d31ad178f4.jpg",https://libbeyfoodservice.com/product/92416
92407,Infinium Classic Stacking Cooler,Libbey,Infinium,Cooler Tumbler,collins,16.0,473.2,6.75,3.13,171.4,79.5,8.90,10.15,12 Pieces,,true,"https://images.salsify.com/image/upload/s--4dgEmphp--/if_w_gt_2048,w_2048,c_fit/cf6fbce68414479683b3d61d896ac3428e06ee48.jpg",https://libbeyfoodservice.com/product/92407
92444,Infinium Torque Stacking Cooler,Libbey,Torque,Cooler Tumbler,collins,16.0,473.2,6.25,3.13,158.8,79.5,9.20,10.50,12 Pieces,,true,"https://images.salsify.com/image/upload/s--P4zBxsci--/if_w_gt_2048,w_2048,c_fit/77834c9b99549089680a5475c072da34c255913c.jpg",https://libbeyfoodservice.com/product/92444
92432,Infinium Wake Stacking Cooler,Libbey,Infinium Wake,Cooler Tumbler,collins,16.0,473.2,6.26,3.11,159.0,79.0,9.55,10.90,12 Pieces,,true,"https://images.salsify.com/image/upload/s--7TSAbUkC--/if_w_gt_2048,w_2048,c_fit/7b7d4955f9a3fea1f9a2e6b25cb1d8645feb58bf.jpg",https://libbeyfoodservice.com/product/92432
109242,"Infinium Wake Stacking Cooler, Tidal Blue",Libbey,Infinium Wake,Cooler Tumbler,collins,16.0,473.2,6.5,3.13,165.1,79.5,10.50,12.00,12 Pieces,,true,"https://images.salsify.com/image/upload/s--M2bDqMJ9--/if_w_gt_2048,w_2048,c_fit/2e53e7b7a0223b62302af1d73f649c8d8529c741.jpg",https://libbeyfoodservice.com/product/109242
12040,Newton Cooler,Libbey,Newton,Cooler Tumbler,collins,16.0,473.2,6.25,2.95,158.8,74.9,7.10,8.15,12 Pieces,,true,"https://images.salsify.com/image/upload/s--3kaH5mhH--/if_w_gt_2048,w_2048,c_fit/6970d2f159ccfc494bb50a7de369e69a4766df2a.jpg",https://libbeyfoodservice.com/product/12040
1009453,Ocular Cooler,Libbey,Ocular,Cooler Tumbler,collins,16.0,473.2,6.3,3.16,160.0,80.3,6.00,6.85,12 Pieces,,true,"https://images.salsify.com/image/upload/s--r7Zl_LFU--/if_w_gt_2048,w_2048,c_fit/cf8c5b0ec61151dc19dc48ec155b25dc7c252671.jpg",https://libbeyfoodservice.com/product/1009453
15966,Optiva Cooler,Libbey,Optiva,Cooler Tumbler,collins,16.0,473.2,6.25,3.5,158.8,88.9,7.55,8.65,12 Pieces,,true,"https://images.salsify.com/image/upload/s--EXJYJKUc--/if_w_gt_2048,w_2048,c_fit/7a4404751a8f8dfd56a2f0a90ded4ca7d14a74ec.jpg",https://libbeyfoodservice.com/product/15966
15642,Paneled Cooler,Libbey,Paneled,Cooler Tumbler,collins,16.0,473.2,6.13,3.63,155.7,92.2,6.15,7.05,36 Pieces,,true,"https://images.salsify.com/image/upload/s--qAHitJXj--/if_w_gt_2048,w_2048,c_fit/9e559575eda369a1c31834d1a7bf22b3c08748a5.jpg",https://libbeyfoodservice.com/product/15642
97284,Repurposed Wine Tumbler Green,Libbey,Repurposed Wine Bottles,Cooler Tumbler,collins,16.0,473.2,5.71,2.88,145.0,73.2,8.85,10.10,12 Pieces,,true,"https://images.salsify.com/image/upload/s--w_PzLqDi--/if_w_gt_2048,w_2048,c_fit/a86dcd4dc6a89ea5e86f2f70708dc45666397d32.jpg",https://libbeyfoodservice.com/product/97284
1009133,Stucture Stackable Cooler,Libbey,Structure,Cooler Tumbler,collins,16.0,473.2,,,,,5.25,6.00,12 Pieces,,true,"https://images.salsify.com/image/upload/s--cHdBsZgP--/if_w_gt_2048,w_2048,c_fit/2a0e0b79c61b8285e6dccc61356776bcfacfbeb0.jpg",https://libbeyfoodservice.com/product/1009133
9027,Symmetry Cooler,Reserve by Libbey,Symmetry,Cooler Tumbler,collins,16.0,473.2,6.7,2.83,170.2,71.9,7.50,8.60,12 Pieces,,true,"https://images.salsify.com/image/upload/s--7ErR87Rc--/if_w_gt_2048,w_2048,c_fit/9dd305bb086d252d70b8cba7dc13583e631fe47d.jpg",https://libbeyfoodservice.com/product/9027
15459,Winchester Cooler,Libbey,Winchester,Cooler Tumbler,collins,16.0,473.2,8.13,2.75,206.5,69.8,8.20,9.35,36 Pieces,,true,"https://images.salsify.com/image/upload/s--65Gfoujf--/if_w_gt_2048,w_2048,c_fit/05f3370c517bd97be71720f9957e7f1984e137e5.jpg",https://libbeyfoodservice.com/product/15459
15720,Endeavor Stacking Pub Glass,Libbey,Endeavor,Cooler Tumbler,collins,16.5,488.0,6.5,3.5,165.1,88.9,7.35,8.35,12 Pieces,,true,"https://images.salsify.com/image/upload/s--6dlhkPYq--/if_w_gt_2048,w_2048,c_fit/041e927c1a4a2014973ab8d9f758d1aface69182.jpg",https://libbeyfoodservice.com/product/15720
9185,"Radius Cooler, 16.5-Ounce",Reserve by Libbey,Radius,Cooler Tumbler,collins,16.5,488.0,6.17,2.83,156.7,71.9,7.60,8.70,12 Pieces,,true,"https://images.salsify.com/image/upload/s--jj5j6p-J--/if_w_gt_2048,w_2048,c_fit/3d2b183fe7c2e1f6ee2e201781acdbb488872892.jpg",https://libbeyfoodservice.com/product/9185
6779B12,Impressions Blue Ribbon Cooler,Libbey,Impressions,Cooler Tumbler,collins,16.75,495.4,6.0,3.0,152.4,76.2,8.85,10.10,12 Pieces,,true,"https://images.salsify.com/image/upload/s--ZxvnUVjp--/if_w_gt_2048,w_2048,c_fit/8cef90347cbd8a72f2b5405d73d8da46b79c722a.jpg",https://libbeyfoodservice.com/product/6779b12
1767790,Impressions Cooler,Libbey,Impressions,Cooler Tumbler,collins,16.75,495.4,6.0,3.0,152.4,76.2,7.30,8.35,12 Pieces,,true,"https://images.salsify.com/image/upload/s--igC2XoYj--/if_w_gt_2048,w_2048,c_fit/9aacfb2fe3bb1ceaee6291627e928d23b00402d0.jpg",https://libbeyfoodservice.com/product/1767790
171B,Cobalt Cooler,Libbey,Cobalt,Cooler Tumbler,collins,17.25,510.1,6.25,3.5,158.8,88.9,4.65,5.30,12 Pieces,,true,"https://images.salsify.com/image/upload/s--Z33_YRoh--/if_w_gt_2048,w_2048,c_fit/7a456757025e2ccc7bd05f765480fc25a280c3b3.jpg",https://libbeyfoodservice.com/product/171b
15730,Restaurant Basics Stacking Pub Glass,Libbey,Restaurant Basics,Cooler Tumbler,collins,17.25,510.1,6.5,3.38,165.1,85.9,5.90,6.70,24 Pieces,,true,"https://images.salsify.com/image/upload/s--1C7UuHQ5--/if_w_gt_2048,w_2048,c_fit/c3eb56f97f6db8e85e4b0cd28d8b4f7236497808.jpg",https://libbeyfoodservice.com/product/15730
1632HT,Restaurant Basics Heat Treated Mixing Glass,Libbey,Restaurant Basics,Cooler Tumbler,collins,18.0,532.3,6.38,3.75,162.1,95.2,5.90,6.70,24 Pieces,,true,"https://images.salsify.com/image/upload/s--pso0EVhC--/if_w_gt_2048,w_2048,c_fit/b9d051871ce010ea7d6361c27d76c639b948cc6d.jpg",https://libbeyfoodservice.com/product/1632ht
3282VCP55,Cidra Beverage,Libbey,Cidra,Cooler Tumbler,collins,19.0,561.9,4.8,3.6,121.9,91.4,3.70,4.25,12 Pieces,,true,"https://images.salsify.com/image/upload/s--Lk4OQXRX--/if_w_gt_2048,w_2048,c_fit/616d6766d414ed1901af029d06d17ba472fea9fb.jpg",https://libbeyfoodservice.com/product/3282vcp55
15646,Casual Waves Cooler,Libbey,Casual Cooler,Cooler Tumbler,collins,20.0,591.5,6.75,3.63,171.4,92.2,6.10,6.95,12 Pieces,,true,"https://images.salsify.com/image/upload/s--54NBJ6pT--/if_w_gt_2048,w_2048,c_fit/158cbeff9ef9e9bef1f10c6dca2e05d35352fd2b.jpg",https://libbeyfoodservice.com/product/15646
15717,Endeavor Cooler,Libbey,Endeavor,Cooler Tumbler,collins,20.0,591.5,7.25,3.63,184.1,92.2,7.90,9.00,12 Pieces,,true,"https://images.salsify.com/image/upload/s--qKpYxMlu--/if_w_gt_2048,w_2048,c_fit/a96dc33cca95fecd5c1d786592598852a21139e1.jpg",https://libbeyfoodservice.com/product/15717
158,Heavy Base Cooler,Libbey,Heavy Base,Cooler Tumbler,collins,20.0,591.5,6.25,3.38,158.8,85.9,3.85,4.40,12 Pieces,,true,"https://images.salsify.com/image/upload/s--w9cT3l3p--/if_w_gt_2048,w_2048,c_fit/4ca3b9d11f8ef9b971e911f9e91f07488e8046c0.jpg",https://libbeyfoodservice.com/product/158
92408,Infinium Classic Stacking Cooler,Libbey,Infinium,Cooler Tumbler,collins,20.0,591.5,6.88,3.38,174.8,85.9,10.35,11.80,12 Pieces,,true,"https://images.salsify.com/image/upload/s--mpxTOu9r--/if_w_gt_2048,w_2048,c_fit/904c1ba54403666a08b1da8a48357460d3c00ec2.jpg",https://libbeyfoodservice.com/product/92408
92433,Infinium Wake Stacking Cooler,Libbey,Infinium Wake,Cooler Tumbler,collins,20.0,591.5,6.62,3.39,168.1,86.1,11.10,12.70,12 Pieces,,true,"https://images.salsify.com/image/upload/s--QHVk2Ra8--/if_w_gt_2048,w_2048,c_fit/f8ce9fe5f888fd4a8639589cdd5dccd99df10310.jpg",https://libbeyfoodservice.com/product/92433
15643,Paneled Iced Tea,Libbey,Paneled,Cooler Tumbler,collins,20.0,591.5,6.63,3.63,168.4,92.2,6.75,7.75,24 Pieces,,true,"https://images.salsify.com/image/upload/s--cDF4OrPo--/if_w_gt_2048,w_2048,c_fit/c263222ea82e28f6871bd625fd724bf67d5b3640.jpg",https://libbeyfoodservice.com/product/15643
1637HT,Restaurant Basics Heat Treated Mixing Glass,Libbey,Restaurant Basics,Cooler Tumbler,collins,20.0,591.5,6.38,3.75,162.1,95.2,6.40,7.30,24 Pieces,,true,"https://images.salsify.com/image/upload/s--GSAUccKk--/if_w_gt_2048,w_2048,c_fit/ef01b2b950c1557f383c3ebd75c04b6135ddc512.jpg",https://libbeyfoodservice.com/product/1637ht
15253,Gibraltar Iced Tea,Libbey,Gibraltar,Cooler Tumbler,collins,22.0,650.6,7.0,3.75,177.8,95.2,6.75,7.70,24 Pieces,,true,"https://images.salsify.com/image/upload/s--Ceh6EZ6Y--/if_w_gt_2048,w_2048,c_fit/9931062af0c7060280a75ec37b40fd727bcee6b3.jpg",https://libbeyfoodservice.com/product/15253
92449,Infinium Stacking Mixing,Libbey,Stacking Mixing Glass,Cooler Tumbler,collins,22.0,650.6,6.5,3.63,165.1,92.2,10.60,12.10,12 Pieces,,true,"https://images.salsify.com/image/upload/s--Z6bbYXGB--/if_w_gt_2048,w_2048,c_fit/641ce6f70895d1d08b576ad9ac3d52bf9ccc3457.jpg",https://libbeyfoodservice.com/product/92449
15645,Paneled Jumbo Cooler,Libbey,Paneled,Cooler Tumbler,collins,24.0,709.8,7.0,3.75,177.8,95.2,7.25,8.30,12 Pieces,,true,"https://images.salsify.com/image/upload/s---3jw0nWl--/if_w_gt_2048,w_2048,c_fit/c05efbc6832d2006a7144e0f9bba4b97821440da.jpg",https://libbeyfoodservice.com/product/15645
3826,Catalina Cordial,Libbey,Catalina,Cordial Cocktail,cordial,2.0,59.1,4.63,2.0,117.6,50.8,7.55,8.65,36 Pieces,,true,"https://images.salsify.com/image/upload/s--S6neUIvp--/if_w_gt_2048,w_2048,c_fit/b3839c07525154ce788850f3e64cc254993ac074.jpg",https://libbeyfoodservice.com/product/3826
9031,Modernist Cordial,Reserve by Libbey,Modernist,Cordial Cocktail,cordial,2.5,73.9,4.13,1.5,104.9,38.1,5.20,5.95,24 Pieces,,true,"https://images.salsify.com/image/upload/s--M_7NrVhQ--/if_w_gt_2048,w_2048,c_fit/d0d4fb0b02a293d2c901ba68088520222c34840d.jpg",https://libbeyfoodservice.com/product/9031
3788,Embassy Sherry,Libbey,Embassy,Cordial Cocktail,cordial,3.0,88.7,4.88,2.38,124.0,60.5,6.05,6.95,12 Pieces,,true,"https://images.salsify.com/image/upload/s--g0v7P7_G--/if_w_gt_2048,w_2048,c_fit/7aa3cb48a8dd163931d07888d414065130304a41.jpg",https://libbeyfoodservice.com/product/3788
8588SR,Bristol Valley Sherry,Libbey,Bristol Valley,Cordial Cocktail,cordial,4.0,118.3,5.88,2.25,149.4,57.1,7.00,8.00,24 Pieces,,true,"https://images.salsify.com/image/upload/s---Q3LavEO--/if_w_gt_2048,w_2048,c_fit/0117fcbf69158d25ce1a943cb37eafaa5a544add.jpg",https://libbeyfoodservice.com/product/8588sr
3777,Embassy Champagne,Libbey,Embassy,Coupe Cocktail,coupe,4.5,133.1,4.25,3.38,107.9,85.9,6.05,6.95,36 Pieces,,true,"https://images.salsify.com/image/upload/s--qE8Rm6Zg--/if_w_gt_2048,w_2048,c_fit/1b4f97359aedd11a617e881b060c6462801896e6.jpg",https://libbeyfoodservice.com/product/3777
3773,Embassy Champagne,Libbey,Embassy,Coupe Cocktail,coupe,5.5,162.7,4.5,3.38,114.3,85.9,6.05,6.95,36 Pieces,,true,"https://images.salsify.com/image/upload/s--Dohu7HyA--/if_w_gt_2048,w_2048,c_fit/3e09d9193ecff8f3da02cf46d9d73e13c501977b.jpg",https://libbeyfoodservice.com/product/3773
9328,Prism Coupe,Reserve by Libbey,Prism,Coupe Cocktail,coupe,6.0,177.4,6.31,3.59,160.3,91.2,9.20,10.50,12 Pieces,,true,"https://images.salsify.com/image/upload/s--Y0eEF-gT--/if_w_gt_2048,w_2048,c_fit/7863e2751c016dd76a1764a0bd478296d9221e44.jpg",https://libbeyfoodservice.com/product/9328
N101105,Noblesse Cocktail,Nachtmann,Noblesse,Coupe Cocktail,coupe,6.25,184.8,5.79,4.25,147.1,107.9,17.30,19.75,12 Pieces,,true,"https://images.salsify.com/image/upload/s--brULaEm2--/if_w_gt_2048,w_2048,c_fit/a64aca6c049c22e6440ebd5bd0ee0df5babba2b7.jpg",https://libbeyfoodservice.com/product/n101105
1009304,Virtuoso Coupe,Reserve by Libbey,Virtuoso,Coupe Cocktail,coupe,6.75,199.6,6.69,3.72,169.9,94.5,9.25,10.60,12 Pieces,,true,"https://images.salsify.com/image/upload/s--E2FjDLkW--/if_w_gt_2048,w_2048,c_fit/76cc496ff8b9a683294f6664865bd9dc770885e3.jpg",https://libbeyfoodservice.com/product/1009304
4508008,Perfect Serve Coupe,Spiegelau,Perfect Serve,Coupe Cocktail,coupe,8.0,236.6,5.51,3.58,140.0,90.9,13.95,15.95,12 Pieces,,true,"https://images.salsify.com/image/upload/s--Q0yG1hlj--/if_w_gt_2048,w_2048,c_fit/d3a2e41f7c481d243ce57f72f3123a173f3741a3.jpg",https://libbeyfoodservice.com/product/4508008
92452,Infinium Prism Coupe,Libbey,Infinium Prism,Coupe Cocktail,coupe,8.0,236.6,6.5,3.88,165.1,98.6,11.75,13.40,12 Pieces,,true,"https://images.salsify.com/image/upload/s--2t4k19NU--/if_w_gt_2048,w_2048,c_fit/63a1dde2da110e7fe747453ec10b22db8de19482.jpg",https://libbeyfoodservice.com/product/92452
9329,Prism Coupe,Reserve by Libbey,Prism,Coupe Cocktail,coupe,8.0,236.6,6.5,3.89,165.1,98.8,9.25,10.60,12 Pieces,,true,"https://images.salsify.com/image/upload/s--oqjaWR4M--/if_w_gt_2048,w_2048,c_fit/63bb7df26b0e4b9f99066ca2b07208a9701659bc.jpg",https://libbeyfoodservice.com/product/9329
9329/AM8Y8J,Renewal Inspire Coupe,Reserve by Libbey,Renewal,Coupe Cocktail,coupe,8.0,236.6,,,,,17.80,20.35,12 Pieces,,true,"https://images.salsify.com/image/upload/s--GR4cY3LF--/if_w_gt_2048,w_2048,c_fit/62bb802fd58e0d673f25a9d2539223978eb9493a.jpg",https://libbeyfoodservice.com/product/9329-am8y8j
N106162,"Bossa Nova Edition Coupe Glass, 8.5 Oz.",Nachtmann,Bossa Nova Edition,Coupe Cocktail,coupe,8.5,251.4,5.67,4.25,144.0,107.9,24.80,28.30,6 Pieces,,false,"https://images.salsify.com/image/upload/s--H9jBNgwk--/if_w_gt_2048,w_2048,c_fit/7e34ebd24b2de71944c5d15b76ecc3460209120e.jpg",https://libbeyfoodservice.com/product/n106162
7401,Linear Coupe,Libbey,Linear,Coupe Cocktail,coupe,8.5,251.4,5.97,4.0,151.6,101.6,7.60,8.65,12 Pieces,,true,"https://images.salsify.com/image/upload/s--l_PjKpLc--/if_w_gt_2048,w_2048,c_fit/2c60d32eae9f849841de6c5bb2902a9964f29708.jpg",https://libbeyfoodservice.com/product/7401
7401/AG8N1P,"Linear Coupe, Blush",Libbey,Linear Color,Coupe Cocktail,coupe,8.5,251.4,5.97,4.0,151.6,101.6,9.85,11.25,12 Pieces,,true,"https://images.salsify.com/image/upload/s--1PyiK3GP--/if_w_gt_2048,w_2048,c_fit/0cf460e0895073a2842cfa0934cacd220619aa56.jpg",https://libbeyfoodservice.com/product/7401-ag8n1p
7401/AK1K2K,"Linear Coupe, Sapphire",Libbey,Linear Color,Coupe Cocktail,coupe,8.5,251.4,5.97,4.0,151.6,101.6,9.85,11.25,12 Pieces,,true,"https://images.salsify.com/image/upload/s--Kq2ra4XN--/if_w_gt_2048,w_2048,c_fit/32df889675071542b65ea8c1e01eab99cb23a80b.jpg",https://libbeyfoodservice.com/product/7401-ak1k2k
3055,Perception Cocktail Coupe,Libbey,Perception,Coupe Cocktail,coupe,8.5,251.4,6.0,4.13,152.4,104.9,6.20,7.10,12 Pieces,,true,"https://images.salsify.com/image/upload/s--C8SJXS7k--/if_w_gt_2048,w_2048,c_fit/460b2e89111ecb5aca6abffca214ec9d330becac.jpg",https://libbeyfoodservice.com/product/3055
601602,Speakeasy Coupe,Libbey,Speakeasy,Coupe Cocktail,coupe,8.5,251.4,6.0,3.79,152.4,96.3,7.75,8.85,12 Pieces,,true,"https://images.salsify.com/image/upload/s--GgMTGr0V--/if_w_gt_2048,w_2048,c_fit/ddae61e794853d9eae694d1f28cbea56fe87e0a0.jpg",https://libbeyfoodservice.com/product/601602
9134,Renaissance Coupe,Reserve by Libbey,Renaissance,Coupe Cocktail,coupe,9.0,266.2,6.63,4.12,168.4,104.6,8.75,10.00,12 Pieces,,true,"https://images.salsify.com/image/upload/s--zOSDLUWb--/if_w_gt_2048,w_2048,c_fit/bf3bdb207aaea4ac1be2af4d2c219282f3cc43f9.jpg",https://libbeyfoodservice.com/product/9134
9134/69477,Renewal Crosshatch Coupe,Reserve by Libbey,Renewal,Coupe Cocktail,coupe,9.0,266.2,6.63,4.12,168.4,104.6,16.90,19.30,12 Pieces,,true,"https://images.salsify.com/image/upload/s--Ma9EhaXI--/if_w_gt_2048,w_2048,c_fit/c1400e5ea6f6b28979dc9b4787aca5d7e00f24e4.jpg",https://libbeyfoodservice.com/product/9134-69477
4518008,Vino Grande Champagne Saucer,Spiegelau,Vino Grande,Coupe Cocktail,coupe,9.75,288.3,6.38,3.88,162.1,98.6,16.20,18.55,12 Pieces,,true,"https://images.salsify.com/image/upload/s--ZTcMld7R--/if_w_gt_2048,w_2048,c_fit/5633381a3d19f89d168f6cc045c5818c998535f4.jpg",https://libbeyfoodservice.com/product/4518008
4458008,Lifestyle Coupe,Spiegelau,Lifestyle,Coupe Cocktail,coupe,10.5,310.5,6.54,4.13,166.1,104.9,16.25,18.60,12 Pieces,,true,"https://images.salsify.com/image/upload/s--3TNDhsYx--/if_w_gt_2048,w_2048,c_fit/8e7d44fb3d2d674dd71ef8d6ca7e5e49de176342.jpg",https://libbeyfoodservice.com/product/4458008
1102,Symbio Coupe,Libbey,Symbio,Coupe Cocktail,coupe,14.0,414.0,4.9,4.38,124.5,111.3,2.85,3.25,12 Pieces,,true,"https://images.salsify.com/image/upload/s--bDrUW6Kg--/if_w_gt_2048,w_2048,c_fit/2559ac65e5399e38571aae01f33e4251d0f5ef95.jpg",https://libbeyfoodservice.com/product/1102
2824,Chicago Cylinder Bud Vase,Libbey,Chicago,Flute Cocktail,flute,,,7.5,1.79,190.5,45.5,5.00,5.75,24 Pieces,,true,"https://images.salsify.com/image/upload/s--kZGLduvk--/if_w_gt_2048,w_2048,c_fit/1b1e837192434a7882939e9e2c5e25261d3bba08.jpg",https://libbeyfoodservice.com/product/2824
3794,Embassy Flute,Libbey,Embassy,Flute Cocktail,flute,4.5,133.1,7.38,2.75,187.5,69.8,6.05,6.95,12 Pieces,,true,"https://images.salsify.com/image/upload/s--_haSlxEe--/if_w_gt_2048,w_2048,c_fit/68fbf5e3f6f82aa6a4cb0fbb5bce38da0a8cff30.jpg",https://libbeyfoodservice.com/product/3794
8795,Napa Country Flute,Libbey,Napa Country,Flute Cocktail,flute,5.75,170.0,7.88,2.63,200.2,66.8,6.50,7.40,12 Pieces,,true,"https://images.salsify.com/image/upload/s--e3zGep5x--/if_w_gt_2048,w_2048,c_fit/717b671552674339b654fc43b26e17ad79766d9c.jpg",https://libbeyfoodservice.com/product/8795
3096,Perception Flute,Libbey,Perception,Flute Cocktail,flute,5.75,170.0,8.5,2.75,215.9,69.8,6.40,7.30,12 Pieces,,true,"https://images.salsify.com/image/upload/s--oOWx9yqX--/if_w_gt_2048,w_2048,c_fit/0d11177729c512889b50a16452d9460542412a86.jpg",https://libbeyfoodservice.com/product/3096
3996,Teardrop Flute,Libbey,Teardrop,Flute Cocktail,flute,5.75,170.0,7.75,2.75,196.8,69.8,6.30,7.20,12 Pieces,,true,"https://images.salsify.com/image/upload/s--EeJ4ubxU--/if_w_gt_2048,w_2048,c_fit/b2b84b6f2b264260879a35bcae94c9e7a97a11a5.jpg",https://libbeyfoodservice.com/product/3996
8595SR,Bristol Valley Flute,Libbey,Bristol Valley,Flute Cocktail,flute,6.0,177.4,7.75,2.75,196.8,69.8,7.45,8.55,24 Pieces,,true,"https://images.salsify.com/image/upload/s--nDOvClbn--/if_w_gt_2048,w_2048,c_fit/e4aa6ed52007e16901d94d7098ca8de93fba831f.jpg",https://libbeyfoodservice.com/product/8595sr
4196,Charisma Tall Flute,Libbey,Charisma,Flute Cocktail,flute,6.0,177.4,8.75,2.75,222.2,69.8,7.65,8.75,24 Pieces,,true,"https://images.salsify.com/image/upload/s--MaBEc5X0--/if_w_gt_2048,w_2048,c_fit/647d69c82307ea9cc90ef1980bff4997b5041bc1.jpg",https://libbeyfoodservice.com/product/4196
8477,Citation Gourmet Tulip Champagne,Libbey,Citation,Flute Cocktail,flute,6.0,177.4,7.75,2.75,196.8,69.8,9.15,10.45,12 Pieces,,true,"https://images.salsify.com/image/upload/s--RoqOHs0g--/if_w_gt_2048,w_2048,c_fit/3859ff0254862286dc385867dbb970e2bc9e4c35.jpg",https://libbeyfoodservice.com/product/8477
9157,Contour Flute,Reserve by Libbey,Contour,Flute Cocktail,flute,6.0,177.4,8.87,2.42,225.3,61.5,7.35,8.40,12 Pieces,,true,"https://images.salsify.com/image/upload/s--J8nAgI8J--/if_w_gt_2048,w_2048,c_fit/0d1241a419be5a6bcef0bd9bdb48cd36aa51f3c8.jpg",https://libbeyfoodservice.com/product/9157
8995,Domaine Flute,Libbey,Domaine,Flute Cocktail,flute,6.0,177.4,8.88,2.75,225.6,69.8,6.45,7.40,12 Pieces,,true,"https://images.salsify.com/image/upload/s--mnWWZSN7--/if_w_gt_2048,w_2048,c_fit/17d99c9d5efc255f3534051c472a33b42630b8b6.jpg",https://libbeyfoodservice.com/product/8995
3795,Embassy Flute,Libbey,Embassy,Flute Cocktail,flute,6.0,177.4,8.13,2.75,206.5,69.8,5.95,6.80,12 Pieces,,true,"https://images.salsify.com/image/upload/s--nkZntyK2--/if_w_gt_2048,w_2048,c_fit/d6340dec8ec1670b322a9d61b08992408b9fab2c.jpg",https://libbeyfoodservice.com/product/3795
3796,Embassy Tall Flute,Libbey,Embassy,Flute Cocktail,flute,6.0,177.4,8.75,2.75,222.2,69.8,6.20,7.10,12 Pieces,,true,"https://images.salsify.com/image/upload/s--7rxq8Unx--/if_w_gt_2048,w_2048,c_fit/293a9e5cfb0599b53fbc151091a03ffbfac403c3.jpg",https://libbeyfoodservice.com/product/3796
9139,"Renaissance Trumpet Flute, 6 Oz.",Reserve by Libbey,Renaissance,Flute Cocktail,flute,6.0,177.4,8.43,2.95,214.1,74.9,8.30,9.45,12 Pieces,,false,"https://images.salsify.com/image/upload/s--9oBKQLxq--/if_w_gt_2048,w_2048,c_fit/51948cebae22733167c9ad61e28cf42ebf2d56ae.jpg",https://libbeyfoodservice.com/product/9139
8495,Citation Flute,Libbey,Citation,Flute Cocktail,flute,6.25,184.8,7.25,2.5,184.1,63.5,5.95,6.80,12 Pieces,,true,"https://images.salsify.com/image/upload/s--LmSWGb16--/if_w_gt_2048,w_2048,c_fit/55553ee4eb8ac8305ef7df85ec34a5562b03337d.jpg",https://libbeyfoodservice.com/product/8495
92415,Infinium Classic Flute,Libbey,Infinium,Flute Cocktail,flute,6.5,192.2,9.0,,228.6,,10.35,11.80,12 Pieces,,true,"https://images.salsify.com/image/upload/s--XWBQyjdN--/if_w_gt_2048,w_2048,c_fit/55eeb1f221f25ec8a852a313448c6a6b37983ddf.jpg",https://libbeyfoodservice.com/product/92415
4078007,Soiree Sparkling Wine / Flute,Spiegelau,Soiree,Flute Cocktail,flute,6.5,192.2,8.88,2.13,225.6,54.1,13.65,15.60,12 Pieces,,true,"https://images.salsify.com/image/upload/s--HvUOc4JX--/if_w_gt_2048,w_2048,c_fit/18809506ff8df5c95d2ad6bb5b7db8bb74bbcb68.jpg",https://libbeyfoodservice.com/product/4078007
7552,Vina Trumpet Flute,Libbey,Vina,Flute Cocktail,flute,6.5,192.2,9.75,3.25,247.6,82.5,6.40,7.30,12 Pieces,,true,"https://images.salsify.com/image/upload/s--MczCYVow--/if_w_gt_2048,w_2048,c_fit/dc2f6bf46ff84c3803c40a925d8482c14bea6f8c.jpg",https://libbeyfoodservice.com/product/7552
4098007,Winelovers Flute,Spiegelau,Wine Lovers,Flute Cocktail,flute,6.5,192.2,8.5,2.0,215.9,50.8,10.30,11.75,12 Pieces,,true,"https://images.salsify.com/image/upload/s--E0yDIT63--/if_w_gt_2048,w_2048,c_fit/75368c613929e15672d483604d19c0f5c8d25df0.jpg",https://libbeyfoodservice.com/product/4098007
7403,Linear Flute,Libbey,Linear,Flute Cocktail,flute,7.5,221.8,9.19,2.75,233.4,69.8,7.50,8.60,12 Pieces,,true,"https://images.salsify.com/image/upload/s--kufH7Oml--/if_w_gt_2048,w_2048,c_fit/be31b8f30b33f5d1272f523575cf26587321af36.jpg",https://libbeyfoodservice.com/product/7403
7403/AG8N1P,"Linear Flute, Blush",Libbey,Linear Color,Flute Cocktail,flute,7.5,221.8,9.19,2.75,233.4,69.8,9.75,11.15,12 Pieces,,true,"https://images.salsify.com/image/upload/s--rUMkkI9f--/if_w_gt_2048,w_2048,c_fit/3aab224dfbb2ff1b1e37f441a21dcfca6bf29aeb.jpg",https://libbeyfoodservice.com/product/7403-ag8n1p
7403/AK1K2K,"Linear Flute, Sapphire",Libbey,Linear Color,Flute Cocktail,flute,7.5,221.8,9.19,2.75,233.4,69.8,9.75,11.15,12 Pieces,,true,"https://images.salsify.com/image/upload/s--yfetlO0n--/if_w_gt_2048,w_2048,c_fit/2a37c7b2b3532d2865ee102cb63cd61ae75f5246.jpg",https://libbeyfoodservice.com/product/7403-ak1k2k
9148,"Renaissance Trumpet Flute, 7.5 Oz.",Reserve by Libbey,Renaissance,Flute Cocktail,flute,7.5,221.8,8.84,3.06,224.5,77.7,8.55,9.80,12 Pieces,,true,"https://images.salsify.com/image/upload/s--gNZOrkNV--/if_w_gt_2048,w_2048,c_fit/742654b442c33ef3eb7e2ec18a531489b8231ca4.jpg",https://libbeyfoodservice.com/product/9148
9236,Contour Flute,Reserve by Libbey,Contour,Flute Cocktail,flute,8.0,236.6,9.28,2.72,235.7,69.1,7.60,8.70,12 Pieces,,true,"https://images.salsify.com/image/upload/s--2vixWFGs--/if_w_gt_2048,w_2048,c_fit/f97d73224f6a66248b0c2c4a800eae9d58606ed0.jpg",https://libbeyfoodservice.com/product/9236
1009406,"Contour Flute, 8-Ounce",Reserve by Libbey,Contour,Flute Cocktail,flute,8.0,236.6,9.26,2.5,235.2,63.5,7.75,8.85,12 Pieces,,true,"https://images.salsify.com/image/upload/s--zKn_Ci4K--/if_w_gt_2048,w_2048,c_fit/6167f6f7d03e193bd2ce15e1e27eb45fd0f84f57.jpg",https://libbeyfoodservice.com/product/1009406
9138,Renaissance Flute,Reserve by Libbey,Renaissance,Flute Cocktail,flute,8.0,236.6,9.37,2.95,238.0,74.9,8.55,9.80,12 Pieces,,true,"https://images.salsify.com/image/upload/s--RbHud3ys--/if_w_gt_2048,w_2048,c_fit/2366fa96acfb0d6c49c309f226dc837f8b4a4880.jpg",https://libbeyfoodservice.com/product/9138
4678007,Style Sparkling Wine/Flute,Spiegelau,Style,Flute Cocktail,flute,8.0,236.6,8.88,2.38,225.6,60.5,11.65,13.30,12 Pieces,,true,"https://images.salsify.com/image/upload/s--PTqqQehm--/if_w_gt_2048,w_2048,c_fit/c78b6c096f0b321f8a75bbfd5d8e1f77fd356ecd.jpg",https://libbeyfoodservice.com/product/4678007
7500,Vina Flute,Libbey,Vina,Flute Cocktail,flute,8.0,236.6,9.25,3.25,234.9,82.5,6.50,7.40,12 Pieces,,true,"https://images.salsify.com/image/upload/s--JRsPVJOq--/if_w_gt_2048,w_2048,c_fit/0454de01dcbdcc0831ef2b1cc155ef10277ab182.jpg",https://libbeyfoodservice.com/product/7500
1009305,Virtuoso Flute,Reserve by Libbey,Virtuoso,Flute Cocktail,flute,8.0,236.6,9.71,2.62,246.6,66.5,9.55,10.90,12 Pieces,,true,"https://images.salsify.com/image/upload/s--IEGuapMF--/if_w_gt_2048,w_2048,c_fit/34efb55801c5a0479ce16f72914e8c2d23695599.jpg",https://libbeyfoodservice.com/product/1009305
9332,Prism Flute,Reserve by Libbey,Prism,Flute Cocktail,flute,8.25,244.0,9.46,2.48,240.3,63.0,9.55,10.90,12 Pieces,,true,"https://images.salsify.com/image/upload/s--bqxpl_0p--/if_w_gt_2048,w_2048,c_fit/b757f057295a2169ab40e584dace189a000d61e5.jpg",https://libbeyfoodservice.com/product/9332
9332/69477,Renewal Crosshatch Flute,Reserve by Libbey,Renewal,Flute Cocktail,flute,8.25,244.0,9.46,2.48,240.3,63.0,15.85,18.15,12 Pieces,,true,"https://images.salsify.com/image/upload/s--GHCh--tQ--/if_w_gt_2048,w_2048,c_fit/e4b3eb54ba741fcb4a78744ef9a21f269abb8b1b.jpg",https://libbeyfoodservice.com/product/9332-69477
92451,Infinium Prism Flute,Libbey,Infinium Prism,Flute Cocktail,flute,8.5,251.4,9.5,2.75,241.3,69.8,11.30,12.95,12 Pieces,,true,"https://images.salsify.com/image/upload/s--rBgxa9v9--/if_w_gt_2048,w_2048,c_fit/8c824e9bef36624c205eddb4c0fb9341d57ffa85.jpg",https://libbeyfoodservice.com/product/92451
228,Stemless Flute,Libbey,Stemless,Flute Cocktail,flute,8.5,251.4,5.75,2.25,146.0,57.1,3.75,4.30,12 Pieces,,true,"https://images.salsify.com/image/upload/s--WC9Ow0fz--/if_w_gt_2048,w_2048,c_fit/9112e85b9519afde3bc10b2867885b27cd764968.jpg",https://libbeyfoodservice.com/product/228
9432/AM8Y8J,Renewal Inspire Flute,Reserve by Libbey,Renewal,Flute Cocktail,flute,8.75,258.8,9.5,2.58,241.3,65.5,17.85,20.35,12 Pieces,,true,"https://images.salsify.com/image/upload/s--vEFTspVd--/if_w_gt_2048,w_2048,c_fit/fd290462e1743ea5bc844e4d384c5c3c3f77776b.jpg",https://libbeyfoodservice.com/product/9432-am8y8j
9432,Rivere Flute,Reserve by Libbey,Rivere,Flute Cocktail,flute,8.75,258.8,9.5,2.58,241.3,65.5,11.15,12.75,12 Pieces,,true,"https://images.salsify.com/image/upload/s--JwPm-_y9--/if_w_gt_2048,w_2048,c_fit/89d007b148bba7b40e649d51337c87ae2db8d164.jpg",https://libbeyfoodservice.com/product/9432
4518029,Vino Grande Champagne Flute,Spiegelau,Vino Grande,Flute Cocktail,flute,8.75,258.8,9.0,2.5,228.6,63.5,15.70,17.95,12 Pieces,,true,"https://images.salsify.com/image/upload/s--8PYBok92--/if_w_gt_2048,w_2048,c_fit/cfff889176c014b341e0a38c0217c52216d13620.jpg",https://libbeyfoodservice.com/product/4518029
8476,Citation Gourmet Tulip Champagne,Libbey,Citation,Flute Cocktail,flute,9.0,266.2,8.5,2.88,215.9,73.2,9.15,10.45,12 Pieces,,true,"https://images.salsify.com/image/upload/s---Fkbb0mZ--/if_w_gt_2048,w_2048,c_fit/ae2459d23ae14885f3803db98fa59ff0633f9bf3.jpg",https://libbeyfoodservice.com/product/8476
4408029,Authentis Champagne Flute,Spiegelau,Authentis,Flute Cocktail,flute,9.25,273.6,8.68,2.75,220.5,69.8,18.70,21.35,12 Pieces,,true,"https://images.salsify.com/image/upload/s--Pc9U5t5B--/if_w_gt_2048,w_2048,c_fit/50e0fbaa96dc55e884f56f0751933c0091b1eaad.jpg",https://libbeyfoodservice.com/product/4408029
1100,Symbio Flute,Libbey,Symbio,Flute Cocktail,flute,9.5,280.9,7.13,2.23,181.1,56.6,2.90,3.30,12 Pieces,,true,"https://images.salsify.com/image/upload/s--4lY1ugwL--/if_w_gt_2048,w_2048,c_fit/a41748f7ab4cb41cb5a29bef376337687eb71c96.jpg",https://libbeyfoodservice.com/product/1100
4328029,Hybrid Champagne Flute,Spiegelau,Hybrid,Flute Cocktail,flute,9.5,280.9,9.5,2.75,241.3,69.8,19.70,22.50,12 Pieces,,true,"https://images.salsify.com/image/upload/s--v22GKV8U--/if_w_gt_2048,w_2048,c_fit/19b91a9d6b296b5afb5e61acd0c187ca5c0c7014.jpg",https://libbeyfoodservice.com/product/4328029
4198029,Superiore Champagne,Spiegelau,Superiore,Flute Cocktail,flute,10.0,295.7,10.44,3.39,265.2,86.1,20.60,23.50,12 Pieces,,true,"https://images.salsify.com/image/upload/s--FZG-KAzx--/if_w_gt_2048,w_2048,c_fit/3ef80f442d0ba7ea611f05c6da223ab7615da382.jpg",https://libbeyfoodservice.com/product/4198029
3756,Embassy Goblet,Libbey,Embassy,Goblet,goblet,10.25,303.1,6.13,3.25,155.7,82.5,5.85,6.65,24 Pieces,,true,"https://images.salsify.com/image/upload/s--S1Eqn2YE--/if_w_gt_2048,w_2048,c_fit/3ee7175407eec815a9d0fb056e7ffdd7b0421f30.jpg",https://libbeyfoodservice.com/product/3756
3211,Chivalry Banquet Goblet,Libbey,Chivalry,Goblet,goblet,10.5,310.5,5.38,3.25,136.7,82.5,7.50,8.60,24 Pieces,,true,"https://images.salsify.com/image/upload/s--obOhG1b7--/if_w_gt_2048,w_2048,c_fit/e7e2c6f8f45f85fa1aa5caa718d30ce34e4b7501.jpg",https://libbeyfoodservice.com/product/3211
3712,"Embassy Banquet Goblet - 5.25"" Tall",Libbey,Embassy,Goblet,goblet,10.5,310.5,5.25,3.13,133.3,79.5,6.10,7.00,24 Pieces,,true,"https://images.salsify.com/image/upload/s--E-kmgOoI--/if_w_gt_2048,w_2048,c_fit/ead6ed189034fccb92574a79ca540c1b9a30dba6.jpg",https://libbeyfoodservice.com/product/3712
3721,"Embassy Banquet Goblet - 6"" Tall",Libbey,Embassy,Goblet,goblet,10.5,310.5,6.0,3.25,152.4,82.5,6.15,7.00,36 Pieces,,true,"https://images.salsify.com/image/upload/s--mLY6_77D--/if_w_gt_2048,w_2048,c_fit/afad450ff0db07c8ebc981f833c59cbf1adfb265.jpg",https://libbeyfoodservice.com/product/3721
3752HT,Embassy Goblet,Libbey,Embassy,Goblet,goblet,10.5,310.5,5.25,3.13,133.3,79.5,6.50,7.45,24 Pieces,,true,"https://images.salsify.com/image/upload/s--ooFmUS-1--/if_w_gt_2048,w_2048,c_fit/4495553eaa5fbfd4d384d5a5e97d7ddd1e9b36aa.jpg",https://libbeyfoodservice.com/product/3752ht
3914,Teardrop Goblet,Libbey,Teardrop,Goblet,goblet,10.5,310.5,5.5,3.25,139.7,82.5,6.20,7.10,36 Pieces,,true,"https://images.salsify.com/image/upload/s--_mP7z12U--/if_w_gt_2048,w_2048,c_fit/29cbfc912aaee49dbdc28401f2c03196e4a74360.jpg",https://libbeyfoodservice.com/product/3914
15465,Winchester Goblet,Libbey,Winchester,Goblet,goblet,10.5,310.5,6.0,3.38,152.4,85.9,10.35,11.85,36 Pieces,,true,"https://images.salsify.com/image/upload/s--ApR1AtLn--/if_w_gt_2048,w_2048,c_fit/f151de36e0c77a704bcf81bac7323bc8b6536cff.jpg",https://libbeyfoodservice.com/product/15465
8411,Citation Banquet Goblet,Libbey,Citation,Goblet,goblet,11.0,325.3,6.0,3.0,152.4,76.2,5.95,6.80,36 Pieces,,true,"https://images.salsify.com/image/upload/s--L11LKN6l--/if_w_gt_2048,w_2048,c_fit/400328fae260e5dde3cd5dcdf0987e912617d127.jpg",https://libbeyfoodservice.com/product/8411
3556,Lexington Goblet,Libbey,Lexington,Goblet,goblet,11.0,325.3,6.25,2.88,158.8,73.2,7.15,8.20,36 Pieces,,true,"https://images.salsify.com/image/upload/s--B90ZA8tb--/if_w_gt_2048,w_2048,c_fit/45be9f61b8f68d9e244adc10da19d05cb1821c18.jpg",https://libbeyfoodservice.com/product/3556
3711,Embassy Goblet,Libbey,Embassy,Goblet,goblet,11.5,340.1,6.13,3.25,155.7,82.5,6.15,7.00,24 Pieces,,true,"https://images.salsify.com/image/upload/s--YpecgQHl--/if_w_gt_2048,w_2048,c_fit/84b51e1d1ad74f195a6e743121ee8395670cdea2.jpg",https://libbeyfoodservice.com/product/3711
15247,Gibraltar Goblet,Libbey,Gibraltar,Goblet,goblet,11.5,340.1,6.88,3.63,174.8,92.2,7.75,8.85,36 Pieces,,true,"https://images.salsify.com/image/upload/s--ARXwPjxD--/if_w_gt_2048,w_2048,c_fit/02e87a1bd50dae199f358b11595d557f98ec7841.jpg",https://libbeyfoodservice.com/product/15247
N102084,Noblesse Goblet,Nachtmann,Noblesse,Goblet,goblet,11.75,347.5,5.51,3.54,140.0,89.9,17.35,19.80,12 Pieces,,true,"https://images.salsify.com/image/upload/s--VB1iDMRh--/if_w_gt_2048,w_2048,c_fit/186f45275b91bc2ace26492689849e2ccdf54db1.jpg",https://libbeyfoodservice.com/product/n102084
8556SR,Bristol Valley Goblet,Libbey,Bristol Valley,Goblet,goblet,12.0,354.9,5.5,3.38,139.7,85.9,6.75,7.70,24 Pieces,,true,"https://images.salsify.com/image/upload/s--VtaTfWmd--/if_w_gt_2048,w_2048,c_fit/9ace8a7a33dd28a67d7c4014a969c356d23302d5.jpg",https://libbeyfoodservice.com/product/8556sr
3212,Chivalry Goblet,Libbey,Chivalry,Goblet,goblet,12.0,354.9,6.5,3.63,165.1,92.2,7.60,8.70,36 Pieces,,true,"https://images.salsify.com/image/upload/s--KTjckPNC--/if_w_gt_2048,w_2048,c_fit/e32716c3cfdcbbdd53551d59351032a9936756fc.jpg",https://libbeyfoodservice.com/product/3212
9155,Contour Goblet,Reserve by Libbey,Contour,Goblet,goblet,13.5,399.2,6.6,3.17,167.6,80.5,7.30,8.30,12 Pieces,,true,"https://images.salsify.com/image/upload/s--00N2nyD3--/if_w_gt_2048,w_2048,c_fit/29c004c643ab85f6779ccb09506bc6c456ee075d.jpg",https://libbeyfoodservice.com/product/9155
4078021,Soiree Mineral Water,Spiegelau,Soiree,Goblet,goblet,13.5,399.2,6.13,3.25,155.7,82.5,13.70,15.65,12 Pieces,,true,"https://images.salsify.com/image/upload/s--65XuyDME--/if_w_gt_2048,w_2048,c_fit/2df630775bff76d38e8bc16fd596a52e5185a5ef.jpg",https://libbeyfoodservice.com/product/4078021
3010,Perception Banquet Goblet,Libbey,Perception,Goblet,goblet,14.0,414.0,6.5,3.38,165.1,85.9,6.25,7.15,24 Pieces,,true,"https://images.salsify.com/image/upload/s--G6P6zbNX--/if_w_gt_2048,w_2048,c_fit/4afd111bc8b98dab89aa045e341531d24c851f77.jpg",https://libbeyfoodservice.com/product/3010
8513SR,Bristol Valley Iced Tea,Libbey,Bristol Valley,Goblet,goblet,16.0,473.2,6.38,3.5,162.1,88.9,6.85,7.80,24 Pieces,,true,"https://images.salsify.com/image/upload/s--7A6Tkm_Q--/if_w_gt_2048,w_2048,c_fit/494929675289daa3a34870a235b307a1340aa8c4.jpg",https://libbeyfoodservice.com/product/8513sr
9156,Contour Goblet,Reserve by Libbey,Contour,Goblet,goblet,16.0,473.2,7.4,3.19,188.0,81.0,7.60,8.70,12 Pieces,,true,"https://images.salsify.com/image/upload/s--kPMHvXAF--/if_w_gt_2048,w_2048,c_fit/26b6215961a257b8a41dd6c9c292172209d9d96c.jpg",https://libbeyfoodservice.com/product/9156
3750,Embassy Tall Iced Tea,Libbey,Embassy,Goblet,goblet,16.0,473.2,8.38,3.0,212.9,76.2,6.30,7.20,36 Pieces,,true,"https://images.salsify.com/image/upload/s--k3QUfmqf--/if_w_gt_2048,w_2048,c_fit/eb559018b279c3194ba3089833d14ffa131ced7f.jpg",https://libbeyfoodservice.com/product/3750
9118,Prism Goblet,Reserve by Libbey,Prism,Goblet,goblet,16.0,473.2,7.0,3.56,177.8,90.4,9.20,10.50,12 Pieces,,true,"https://images.salsify.com/image/upload/s--zzwFv7hf--/if_w_gt_2048,w_2048,c_fit/ddcfcf29efc8d3be287f0382661d313344c177f7.jpg",https://libbeyfoodservice.com/product/9118
9131,Renaissance Goblet,Reserve by Libbey,Renaissance,Goblet,goblet,16.0,473.2,7.5,3.19,190.5,81.0,8.00,9.15,12 Pieces,,true,"https://images.salsify.com/image/upload/s--Q0nwR0j4--/if_w_gt_2048,w_2048,c_fit/80c1b65aebd07217a58b8d420033066a5207bc1f.jpg",https://libbeyfoodservice.com/product/9131
7513,Vina Goblet,Libbey,Vina,Goblet,goblet,16.0,473.2,6.38,3.5,162.1,88.9,6.65,7.60,12 Pieces,,true,"https://images.salsify.com/image/upload/s--eVjZ_ps8--/if_w_gt_2048,w_2048,c_fit/05e734587f3530a5bed29632c3d1b77eec171c5b.jpg",https://libbeyfoodservice.com/product/7513
4116,Charisma Tall Iced Tea,Libbey,Charisma,Goblet,goblet,16.25,480.6,7.0,3.5,177.8,88.9,7.45,8.55,24 Pieces,,true,"https://images.salsify.com/image/upload/s--Mnwt2E2o--/if_w_gt_2048,w_2048,c_fit/7234923ba7b17bd335bef04e092e5d2cc5abf746.jpg",https://libbeyfoodservice.com/product/4116
3716,Embassy Iced Tea,Libbey,Embassy,Goblet,goblet,16.25,480.6,7.0,3.13,177.8,79.5,6.20,7.10,36 Pieces,,true,"https://images.salsify.com/image/upload/s--TMM-2IpK--/if_w_gt_2048,w_2048,c_fit/d452c7d72dc5d886215cf46a0835811e215e4547.jpg",https://libbeyfoodservice.com/product/3716
4116B,Premiere Cobalt Blue Iced Tea,Libbey,Premiere,Goblet,goblet,16.25,480.6,7.0,3.5,177.8,88.9,10.40,11.85,12 Pieces,,true,"https://images.salsify.com/image/upload/s--gxa7nSyR--/if_w_gt_2048,w_2048,c_fit/0e6a70894971dd3d5365df6e582c74345fb194b5.jpg",https://libbeyfoodservice.com/product/4116b
8439,Citation Iced Tea,Libbey,Citation,Goblet,goblet,16.5,488.0,7.0,3.5,177.8,88.9,5.95,6.80,12 Pieces,,true,"https://images.salsify.com/image/upload/s--vp8xDGUJ--/if_w_gt_2048,w_2048,c_fit/56ecec6e02f89d1e56e0d568eb56edaa70b36f78.jpg",https://libbeyfoodservice.com/product/8439
15451,Winchester Hi-Ball,Libbey,Winchester,Hi-Ball Tumbler,highball,6.75,199.6,4.38,2.5,111.3,63.5,4.55,5.15,36 Pieces,,true,"https://images.salsify.com/image/upload/s--OEbLgn0Z--/if_w_gt_2048,w_2048,c_fit/07a5f0f571f4b8a91a6578c1bf65a80ef672bf26.jpg",https://libbeyfoodservice.com/product/15451
2042,Traverse Hi-Ball,Libbey,Traverse,Hi-Ball Tumbler,highball,7.5,221.8,4.75,2.81,120.6,71.4,3.25,3.75,12 Pieces,,true,"https://images.salsify.com/image/upload/s--3VRuzQua--/if_w_gt_2048,w_2048,c_fit/e18d52688f6c6e387e2c4c28fdc40d08fc02e8e5.jpg",https://libbeyfoodservice.com/product/2042
3736,Embassy Footed Hi-Ball,Libbey,Embassy,Hi-Ball Tumbler,highball,8.0,236.6,5.38,2.75,136.7,69.8,6.10,7.00,24 Pieces,,true,"https://images.salsify.com/image/upload/s--LEUErcU4--/if_w_gt_2048,w_2048,c_fit/660bcb5b48158a32ab858b36e262ea07f368b3c0.jpg",https://libbeyfoodservice.com/product/3736
12261,Embassy Hi-Ball,Libbey,Embassy,Hi-Ball Tumbler,highball,8.0,236.6,4.5,2.5,114.3,63.5,6.25,7.10,36 Pieces,,true,"https://images.salsify.com/image/upload/s--sjGlOAfA--/if_w_gt_2048,w_2048,c_fit/2121dfc70a2ec3969e70013235ec328267d3b7a6.jpg",https://libbeyfoodservice.com/product/12261
132,Heavy Base Hi-Ball,Libbey,Heavy Base,Hi-Ball Tumbler,highball,8.0,236.6,4.63,2.63,117.6,66.8,2.55,2.90,48 Pieces,,true,"https://images.salsify.com/image/upload/s--YLaBNYvS--/if_w_gt_2048,w_2048,c_fit/12c747a313a2f6a19c55741ed8059cabd42b0c91.jpg",https://libbeyfoodservice.com/product/132
2318,Lexington Hi-Ball,Libbey,Lexington,Hi-Ball Tumbler,highball,8.0,236.6,4.5,2.38,114.3,60.5,3.45,3.95,36 Pieces,,true,"https://images.salsify.com/image/upload/s--YP3NEWRt--/if_w_gt_2048,w_2048,c_fit/490477204f9e247c624db388d309deb4ec095421.jpg",https://libbeyfoodservice.com/product/2318
2718014,Lounge 2.0 Softdrink,Spiegelau,Lounge 2.0,Hi-Ball Tumbler,highball,8.5,251.4,,,,,16.20,18.50,12 Pieces,,true,"https://images.salsify.com/image/upload/s--Pya6mD8i--/if_w_gt_2048,w_2048,c_fit/63bdc95a58d4656f642b6cb6e371953757668f54.jpg",https://libbeyfoodservice.com/product/2718014
15456,Winchester Hi-Ball,Libbey,Winchester,Hi-Ball Tumbler,highball,8.75,258.8,5.0,2.75,127.0,69.8,5.00,5.70,36 Pieces,,true,"https://images.salsify.com/image/upload/s--W6eRMGu6--/if_w_gt_2048,w_2048,c_fit/7fddfebebbade2e8851e951966251795a34a7e24.jpg",https://libbeyfoodservice.com/product/15456
15430,Everest Hi-Ball,Libbey,Everest,Hi-Ball Tumbler,highball,9.0,266.2,4.5,3.0,114.3,76.2,5.25,6.00,36 Pieces,,true,"https://images.salsify.com/image/upload/s--jBwiZxwv--/if_w_gt_2048,w_2048,c_fit/0b36a37ff48449057afbe1e391ff055dd99b0f82.jpg",https://libbeyfoodservice.com/product/15430
15236,Gibraltar Hi-Ball,Libbey,Gibraltar,Hi-Ball Tumbler,highball,9.0,266.2,4.75,3.13,120.6,79.5,4.10,4.70,36 Pieces,,true,"https://images.salsify.com/image/upload/s--A4YhzGUp--/if_w_gt_2048,w_2048,c_fit/01ae6fe8619e525ce64ecf2c58841d9901f9fbea.jpg",https://libbeyfoodservice.com/product/15236
15656,Gibraltar Stackable Hi-Ball,Libbey,Stacking Gibraltar,Hi-Ball Tumbler,highball,9.0,266.2,4.63,3.0,117.6,76.2,5.40,6.20,36 Pieces,,true,"https://images.salsify.com/image/upload/s--ueOMhQ5A--/if_w_gt_2048,w_2048,c_fit/48fcddbe5d2a47ee9e4f596a29d1a83ecc673756.jpg",https://libbeyfoodservice.com/product/15656
133,Heavy Base Hi-Ball,Libbey,Heavy Base,Hi-Ball Tumbler,highball,9.0,266.2,5.0,2.75,127.0,69.8,2.65,3.05,36 Pieces,,true,"https://images.salsify.com/image/upload/s--BvYYNAIY--/if_w_gt_2048,w_2048,c_fit/02326dd6bd5aa0f966db4aafe0c70276d9e9247f.jpg",https://libbeyfoodservice.com/product/133
125,Heavy Base Hi-Ball,Libbey,Heavy Base,Hi-Ball Tumbler,highball,9.0,266.2,4.75,2.75,120.6,69.8,2.65,3.05,48 Pieces,,true,"https://images.salsify.com/image/upload/s--6MV-f4PU--/if_w_gt_2048,w_2048,c_fit/9d569b267264fc682ff95259bc7aa17c23baf5a9.jpg",https://libbeyfoodservice.com/product/125
23256,Nob Hill Hi-Ball,Libbey,Nob Hill,Hi-Ball Tumbler,highball,9.0,266.2,4.63,2.63,117.6,66.8,3.45,3.95,48 Pieces,,true,"https://images.salsify.com/image/upload/s--xZc5-jws--/if_w_gt_2048,w_2048,c_fit/4d569b3cafd1011feb0b221b2f3291163857836a.jpg",https://libbeyfoodservice.com/product/23256
15585,Restaurant Basics Hi-Ball,Libbey,Restaurant Basics,Hi-Ball Tumbler,highball,9.0,266.2,4.5,3.13,114.3,79.5,3.80,4.30,24 Pieces,,true,"https://images.salsify.com/image/upload/s--A5EBxBCz--/if_w_gt_2048,w_2048,c_fit/59c408bc4e6143625c34db854ea82413fcfaf207.jpg",https://libbeyfoodservice.com/product/15585
225,Esquire Hi-Ball,Libbey,Esquire,Hi-Ball Tumbler,highball,9.25,273.6,5.0,2.63,127.0,66.8,2.75,3.15,36 Pieces,,true,"https://images.salsify.com/image/upload/s--82ZmWfr6--/if_w_gt_2048,w_2048,c_fit/32241be9117bbebf370c90dd6adea51e7d4ba5d5.jpg",https://libbeyfoodservice.com/product/225
3737,Embassy Footed Hi-Ball,Libbey,Embassy,Hi-Ball Tumbler,highball,10.0,295.7,6.0,2.88,152.4,73.2,6.10,7.00,24 Pieces,,true,"https://images.salsify.com/image/upload/s--qzHm4LMx--/if_w_gt_2048,w_2048,c_fit/5501e1a116d0e084270cc72ac53473ac9c5dd955.jpg",https://libbeyfoodservice.com/product/3737
15711,Endeavor Hi-Ball,Libbey,Endeavor,Hi-Ball Tumbler,highball,10.0,295.7,6.25,2.75,158.8,69.8,5.20,5.90,12 Pieces,,true,"https://images.salsify.com/image/upload/s--juXONQrQ--/if_w_gt_2048,w_2048,c_fit/84388837a2f5ee9b11b41bb9a9d332c8b19000a4.jpg",https://libbeyfoodservice.com/product/15711
15237,Gibraltar Beverage,Libbey,Gibraltar,Hi-Ball Tumbler,highball,10.0,295.7,3.63,3.38,92.2,85.9,4.10,4.70,36 Pieces,,true,"https://images.salsify.com/image/upload/s--Tq6Uz5EJ--/if_w_gt_2048,w_2048,c_fit/cff4c4ea862a8c4c0b2dec6a8e140b3ec95c3510.jpg",https://libbeyfoodservice.com/product/15237
15478,Inverness Beverage,Libbey,Inverness,Hi-Ball Tumbler,highball,10.0,295.7,5.38,3.0,136.7,76.2,5.35,6.10,36 Pieces,,true,"https://images.salsify.com/image/upload/s--97zcbSX9--/if_w_gt_2048,w_2048,c_fit/cc26d9422744a48db75964cc23875d73c728d166.jpg",https://libbeyfoodservice.com/product/15478
9037,Modernist Beverage,Reserve by Libbey,Modernist,Hi-Ball Tumbler,highball,10.0,295.7,5.75,2.63,146.0,66.8,6.35,7.25,24 Pieces,,true,"https://images.salsify.com/image/upload/s--B-EKJn5R--/if_w_gt_2048,w_2048,c_fit/13f1a39edc89b661ad11accd626a5d1014199b3b.jpg",https://libbeyfoodservice.com/product/9037
1910HT,Nonik Water Glass,Libbey,Nonik,Hi-Ball Tumbler,highball,10.0,295.7,3.88,2.88,98.6,73.2,2.90,3.30,48 Pieces,,true,"https://images.salsify.com/image/upload/s--mSOUHjP2--/if_w_gt_2048,w_2048,c_fit/160318c3d3e5c5de82dee745196c6bd38ff23fd5.jpg",https://libbeyfoodservice.com/product/1910ht
53,Straight Sided Collins,Libbey,Straight Sided,Hi-Ball Tumbler,highball,10.0,295.7,4.78,2.64,121.4,67.1,2.20,2.50,72 Pieces,,true,"https://images.salsify.com/image/upload/s--Yw6iAklL--/if_w_gt_2048,w_2048,c_fit/f997a8020f139293c2de46e621d97a2eb4c8d497.jpg",https://libbeyfoodservice.com/product/53
161,Heavy Base Hi-Ball,Libbey,Heavy Base,Hi-Ball Tumbler,highball,10.25,303.1,5.25,2.5,133.3,63.5,2.80,3.20,48 Pieces,,true,"https://images.salsify.com/image/upload/s--2XLBTJIe--/if_w_gt_2048,w_2048,c_fit/a82cd6271f6fad063cfe1d3b572f13166205fd58.jpg",https://libbeyfoodservice.com/product/161
2518,Chicago Tall Hi-Ball,Libbey,Chicago,Hi-Ball Tumbler,highball,10.5,310.5,6.63,2.38,168.4,60.5,3.85,4.35,12 Pieces,,true,"https://images.salsify.com/image/upload/s--HLE1gLzV--/if_w_gt_2048,w_2048,c_fit/ac9eadc53d4b9cade612e78a7e3230afe6b01a47.jpg",https://libbeyfoodservice.com/product/2518
12262,Embassy Hi-Ball,Libbey,Embassy,Hi-Ball Tumbler,highball,10.5,310.5,5.13,2.88,130.3,73.2,6.25,7.10,36 Pieces,,true,"https://images.salsify.com/image/upload/s--6ZHfgYKr--/if_w_gt_2048,w_2048,c_fit/1dc0f3894c51b0aa95e38f856d71a94d698c0134.jpg",https://libbeyfoodservice.com/product/12262
2310,Lexington Tall Hi-Ball,Libbey,Lexington,Hi-Ball Tumbler,highball,10.5,310.5,6.0,2.5,152.4,63.5,3.65,4.15,36 Pieces,,true,"https://images.salsify.com/image/upload/s--GlQp-DOv--/if_w_gt_2048,w_2048,c_fit/cd80d40da6a81ec969e5259555ffbcb9273a8d1c.jpg",https://libbeyfoodservice.com/product/2310
2718012,Lounge 2.0 Longdrink,Spiegelau,Lounge 2.0,Hi-Ball Tumbler,highball,10.5,310.5,,,,,16.00,18.30,12 Pieces,,true,"https://images.salsify.com/image/upload/s--msWfvrcl--/if_w_gt_2048,w_2048,c_fit/618fa617d5b2016dd4246d5ff967763bdb1d2489.jpg",https://libbeyfoodservice.com/product/2718012
23106,Nob Hill Tall Hi-Ball,Libbey,Nob Hill,Hi-Ball Tumbler,highball,10.5,310.5,6.0,2.45,152.4,62.2,3.70,4.25,36 Pieces,,true,"https://images.salsify.com/image/upload/s--Jwgv1w8K--/if_w_gt_2048,w_2048,c_fit/3e0da5a5f0624c33a930166ac74ef9da6e64a74a.jpg",https://libbeyfoodservice.com/product/23106
1795441,Puebla Tumbler,Libbey,Puebla,Hi-Ball Tumbler,highball,10.5,310.5,4.63,3.0,117.6,76.2,2.80,3.20,24 Pieces,,true,"https://images.salsify.com/image/upload/s--TEXV6Qtp--/if_w_gt_2048,w_2048,c_fit/1644ee6b52a4de113e6c091a6ac8048f51d891b0.jpg",https://libbeyfoodservice.com/product/1795441
226,Esquire Collins,Libbey,Esquire,Hi-Ball Tumbler,highball,11.0,325.3,5.38,2.75,136.7,69.8,3.05,3.50,36 Pieces,,true,"https://images.salsify.com/image/upload/s--5zYQwpIT--/if_w_gt_2048,w_2048,c_fit/9c7e32ced6b2e269422094ad0527c9ecbef3bab3.jpg",https://libbeyfoodservice.com/product/226
126,Heavy Base Collins,Libbey,Heavy Base,Hi-Ball Tumbler,highball,11.0,325.3,5.25,2.88,133.3,73.2,2.80,3.20,36 Pieces,,true,"https://images.salsify.com/image/upload/s--y7U8yNJb--/if_w_gt_2048,w_2048,c_fit/2bd461dbfc66499ceadb00091340f78d6b7d94d6.jpg",https://libbeyfoodservice.com/product/126
95,Straight Sided Zombie,Libbey,Straight Sided,Hi-Ball Tumbler,highball,11.0,325.3,5.88,2.5,149.4,63.5,2.60,3.00,72 Pieces,,true,"https://images.salsify.com/image/upload/s--_mx-NRoq--/if_w_gt_2048,w_2048,c_fit/2adadf6eded6bfc75fdaf1acd3145e9868ff14fb.jpg",https://libbeyfoodservice.com/product/95
15971,Gallery Beverage,Libbey,Gallery,Hi-Ball Tumbler,highball,11.5,340.1,6.28,2.96,159.5,75.2,5.95,6.80,12 Pieces,,true,"https://images.salsify.com/image/upload/s--4GxPYkp6--/if_w_gt_2048,w_2048,c_fit/fc5c9588c26ea6241b145c5c16419f3c5e13647e.jpg",https://libbeyfoodservice.com/product/15971
2359,Lexington Beverage,Libbey,Lexington,Hi-Ball Tumbler,highball,11.5,340.1,5.0,2.75,127.0,69.8,3.90,4.45,36 Pieces,,true,"https://images.salsify.com/image/upload/s--5nA8EC1v--/if_w_gt_2048,w_2048,c_fit/36f8587f499f6f5ab21dc9734f8a6e4c0e7eab66.jpg",https://libbeyfoodservice.com/product/2359
23596,Nob Hill Beverage,Libbey,Nob Hill,Hi-Ball Tumbler,highball,11.5,340.1,5.0,2.75,127.0,69.8,3.80,4.30,24 Pieces,,true,"https://images.salsify.com/image/upload/s--e-el70mM--/if_w_gt_2048,w_2048,c_fit/1b9cc7005e1f60020c9e9d142149ce3ff089bfce.jpg",https://libbeyfoodservice.com/product/23596
4078013,Soiree Highball,Spiegelau,Soiree,Hi-Ball Tumbler,highball,11.5,340.1,5.63,2.5,143.0,63.5,13.05,14.95,12 Pieces,,true,"https://images.salsify.com/image/upload/s--7piunhA7--/if_w_gt_2048,w_2048,c_fit/b013c9c620d58e173870fb855704ec4abd629d31.jpg",https://libbeyfoodservice.com/product/4078013
4508019,Perfect Serve Longdrink,Spiegelau,Perfect Serve,Hi-Ball Tumbler,highball,11.75,347.5,5.95,2.8,151.1,71.1,12.95,14.80,12 Pieces,,true,"https://images.salsify.com/image/upload/s--tXeL-4SY--/if_w_gt_2048,w_2048,c_fit/d3e40c4164a88fddba75a50c1c0075c56518f7c8.jpg",https://libbeyfoodservice.com/product/4508019
2660113,Club Highball,Spiegelau,Club,Hi-Ball Tumbler,highball,11.75,347.5,5.75,2.88,146.0,73.2,14.70,16.80,12 Pieces,,true,"https://images.salsify.com/image/upload/s--yC8farCe--/if_w_gt_2048,w_2048,c_fit/cfd34f7c276c3c179b2cafbc08bb0231dad36f1a.jpg",https://libbeyfoodservice.com/product/2660113
11058521,Series V Series V350 Beverage,Libbey,Series V,Hi-Ball Tumbler,highball,11.875,351.2,6.38,3.25,162.1,82.5,5.00,5.75,12 Pieces,,true,"https://images.salsify.com/image/upload/s--5LT2KZgI--/if_w_gt_2048,w_2048,c_fit/43a14367964a2fec9ba4fd0bac66c5ad0f05158d.jpg",https://libbeyfoodservice.com/product/11058521
29411HT,Cascade Heat-Treated Beverage,Libbey,Cascade,Hi-Ball Tumbler,highball,12.0,354.9,5.38,2.75,136.7,69.8,4.55,5.15,24 Pieces,,true,"https://images.salsify.com/image/upload/s--TzdWpTJZ--/if_w_gt_2048,w_2048,c_fit/c4e7941cc51573f646c9838ba18863ab60395fe4.jpg",https://libbeyfoodservice.com/product/29411ht
2488,Chivalry Beverage,Libbey,Chivalry,Hi-Ball Tumbler,highball,12.0,354.9,5.25,3.13,133.3,79.5,3.90,4.50,36 Pieces,,true,"https://images.salsify.com/image/upload/s--azERg1d2--/if_w_gt_2048,w_2048,c_fit/899be222f7922406aaa3629614a860cc5d744ffe.jpg",https://libbeyfoodservice.com/product/2488
1009458,Dahlia Highball,Libbey,Dahlia,Hi-Ball Tumbler,highball,12.0,354.9,5.61,3.15,142.5,80.0,5.85,6.65,12 Pieces,,true,"https://images.salsify.com/image/upload/s--c7q4oSX3--/if_w_gt_2048,w_2048,c_fit/577a569467f1db9e1e2ca9f14aada540405b5e36.jpg",https://libbeyfoodservice.com/product/1009458
15812,Elan Duratuff Beverage,Libbey,Elan,Hi-Ball Tumbler,highball,12.0,354.9,6.25,3.0,158.8,76.2,5.75,6.55,12 Pieces,,true,"https://images.salsify.com/image/upload/s--et0C8Fhn--/if_w_gt_2048,w_2048,c_fit/945e59b03c7e6e00a05070eb5af569fdd30bb032.jpg",https://libbeyfoodservice.com/product/15812
15713,Endeavor Beverage,Libbey,Endeavor,Hi-Ball Tumbler,highball,12.0,354.9,6.25,3.0,158.8,76.2,5.75,6.60,12 Pieces,,true,"https://images.salsify.com/image/upload/s--bolP95Vs--/if_w_gt_2048,w_2048,c_fit/be3d053330fac63f0efd73538f772ba387a38f96.jpg",https://libbeyfoodservice.com/product/15713
15436,Everest Beverage,Libbey,Everest,Hi-Ball Tumbler,highball,12.0,354.9,4.63,3.13,117.6,79.5,6.00,6.85,36 Pieces,,true,"https://images.salsify.com/image/upload/s--HmFgLt2V--/if_w_gt_2048,w_2048,c_fit/a18e30c308b1c059e226d490fdd8879c04c1dbc4.jpg",https://libbeyfoodservice.com/product/15436
15238,Gibraltar Beverage,Libbey,Gibraltar,Hi-Ball Tumbler,highball,12.0,354.9,3.63,3.38,92.2,85.9,4.10,4.70,36 Pieces,,true,"https://images.salsify.com/image/upload/s--4H4r_VpL--/if_w_gt_2048,w_2048,c_fit/10b1667cd2a51c02b8001c59f1fd0bc46b73138e.jpg",https://libbeyfoodservice.com/product/15238
15654,Gibraltar Stackable Beverage,Libbey,Stacking Gibraltar,Hi-Ball Tumbler,highball,12.0,354.9,5.0,3.13,127.0,79.5,5.60,6.40,36 Pieces,,true,"https://images.salsify.com/image/upload/s--Vb2gJG_F--/if_w_gt_2048,w_2048,c_fit/c82afcd9256a53766e075335bfe624391bec8282.jpg",https://libbeyfoodservice.com/product/15654
606HT,Governor Clinton Iced Tea,Libbey,Governor Clinton,Hi-Ball Tumbler,highball,12.0,354.9,5.13,2.88,130.3,73.2,3.70,4.25,48 Pieces,,true,"https://images.salsify.com/image/upload/s---IyrSyhy--/if_w_gt_2048,w_2048,c_fit/cf8aa7be85aad590a5a74585025609c79201176b.jpg",https://libbeyfoodservice.com/product/606ht
113071,Infinium Alto Highball,Libbey,Infinium Alto,Hi-Ball Tumbler,highball,12.0,354.9,,,,,9.50,10.85,12 Pieces,,true,"https://images.salsify.com/image/upload/s--nqoydCY3--/if_w_gt_2048,w_2048,c_fit/b9f2587d64e5921d37260ecdfeab4098c63729a0.jpg",https://libbeyfoodservice.com/product/113071
92405,Infinium Classic Stacking Beverage,Libbey,Infinium,Hi-Ball Tumbler,highball,12.0,354.9,6.0,2.88,152.4,73.2,7.45,8.50,12 Pieces,,true,"https://images.salsify.com/image/upload/s--aSSlEDii--/if_w_gt_2048,w_2048,c_fit/82185b3a2cc06329999998182d080e8f3ed09dde.jpg",https://libbeyfoodservice.com/product/92405
92443,Infinium Torque Stacking Beverage,Libbey,Torque,Hi-Ball Tumbler,highball,12.0,354.9,6.0,2.75,152.4,69.8,8.35,9.55,12 Pieces,,true,"https://images.salsify.com/image/upload/s--7iW9fKn_--/if_w_gt_2048,w_2048,c_fit/96222254bcaa277008a4abe57152076b19e50ea4.jpg",https://libbeyfoodservice.com/product/92443
92431,Infinium Wake Stacking Beverage,Libbey,Infinium Wake,Hi-Ball Tumbler,highball,12.0,354.9,5.75,2.88,146.0,73.2,7.10,8.10,12 Pieces,,true,"https://images.salsify.com/image/upload/s--FbM7vtaS--/if_w_gt_2048,w_2048,c_fit/5c24d05fa39de20bca4a5b6561cd86500e191e1c.jpg",https://libbeyfoodservice.com/product/92431
109304,"Infinium Wake Stacking Beverage Glass, Tidal Blue",Libbey,Infinium Wake,Hi-Ball Tumbler,highball,12.0,354.9,5.75,2.88,146.0,73.2,8.20,9.35,12 Pieces,,true,"https://images.salsify.com/image/upload/s--yTHa3BA4--/if_w_gt_2048,w_2048,c_fit/eaf74719c4a3a40d8b5a83e540397367c0e1c319.jpg",https://libbeyfoodservice.com/product/109304
15483,Inverness Beverage,Libbey,Inverness,Hi-Ball Tumbler,highball,12.0,354.9,5.63,3.13,143.0,79.5,5.65,6.50,36 Pieces,,true,"https://images.salsify.com/image/upload/s--P-BZJSO0--/if_w_gt_2048,w_2048,c_fit/da0458a11b68378967bfeb58f3757e4565a5975c.jpg",https://libbeyfoodservice.com/product/15483
9038,Modernist Beverage,Reserve by Libbey,Modernist,Hi-Ball Tumbler,highball,12.0,354.9,6.63,2.5,168.4,63.5,6.55,7.45,24 Pieces,,true,"https://images.salsify.com/image/upload/s--soGcrRVL--/if_w_gt_2048,w_2048,c_fit/a4dd9dd98ae79c2f49214c4b5d220b1303943137.jpg",https://libbeyfoodservice.com/product/9038
12039,Newton Beverage,Libbey,Newton,Hi-Ball Tumbler,highball,12.0,354.9,5.67,2.77,144.0,70.4,5.65,6.50,12 Pieces,,true,"https://images.salsify.com/image/upload/s--DjJGa2LR--/if_w_gt_2048,w_2048,c_fit/77a2e68f2336fb46b1c80e46418f51f7446e8404.jpg",https://libbeyfoodservice.com/product/12039
15964,Optiva Beverage,Libbey,Optiva,Hi-Ball Tumbler,highball,12.0,354.9,5.75,3.13,146.0,79.5,6.00,6.85,12 Pieces,,true,"https://images.salsify.com/image/upload/s--e-CrTsCZ--/if_w_gt_2048,w_2048,c_fit/d0dca0d6f10cec9cee1341bf065be09c23d97abd.jpg",https://libbeyfoodservice.com/product/15964
1790845,Puebla Tumbler,Libbey,Puebla,Hi-Ball Tumbler,highball,12.0,354.9,5.88,2.75,149.4,69.8,2.80,3.20,24 Pieces,,true,"https://images.salsify.com/image/upload/s--IO0t6pMG--/if_w_gt_2048,w_2048,c_fit/9423a2d9e2e2def16deb2f54548844e2d7b194db.jpg",https://libbeyfoodservice.com/product/1790845
9025/69474,Renewal Chisel Cooler,Reserve by Libbey,Renewal,Hi-Ball Tumbler,highball,12.0,354.9,6.19,2.63,157.2,66.8,15.75,18.00,12 Pieces,,true,"https://images.salsify.com/image/upload/s--1TnGTpto--/if_w_gt_2048,w_2048,c_fit/8c7563fda1f04bc52d5d681526fb94f664373aac.jpg",https://libbeyfoodservice.com/product/9025-69474
9038/69477,Renewal Crosshatch Highball,Reserve by Libbey,Renewal,Hi-Ball Tumbler,highball,12.0,354.9,6.63,2.5,168.4,63.5,17.80,20.35,24 Pieces,,true,"https://images.salsify.com/image/upload/s--Jxns4jtC--/if_w_gt_2048,w_2048,c_fit/1e00b9e53e9efc61bcf71bfd393206c18131c9a5.jpg",https://libbeyfoodservice.com/product/9038-69477
15588,Restaurant Basics Beverage,Libbey,Restaurant Basics,Hi-Ball Tumbler,highball,12.0,354.9,5.0,3.25,127.0,82.5,4.20,4.80,24 Pieces,,true,"https://images.salsify.com/image/upload/s--chA69N0V--/if_w_gt_2048,w_2048,c_fit/1f4dda3cdbba6c4789ceec4415942f072a921bc0.jpg",https://libbeyfoodservice.com/product/15588
96,Straight Sided Zombie,Libbey,Straight Sided,Hi-Ball Tumbler,highball,12.0,354.9,6.0,2.5,152.4,63.5,2.65,3.05,72 Pieces,,true,"https://images.salsify.com/image/upload/s--bVgyiYgH--/if_w_gt_2048,w_2048,c_fit/13f4825f7144f88802e9365f51047c04c6d2c758.jpg",https://libbeyfoodservice.com/product/96
96/11680,"Straight Sided Zombie, Frosted With Clear Lip",Libbey,Straight Sided,Hi-Ball Tumbler,highball,12.0,354.9,6.0,2.5,152.4,63.5,3.90,4.45,48 Pieces,,true,"https://images.salsify.com/image/upload/s--fOuiHK60--/if_w_gt_2048,w_2048,c_fit/27b9f773618995f2f5f096bbdd7013295ffed204.jpg",https://libbeyfoodservice.com/product/96-11680
1009132,Structure Stackable Cooler,Libbey,Structure,Hi-Ball Tumbler,highball,12.0,354.9,,,,,4.15,4.70,12 Pieces,,true,"https://images.salsify.com/image/upload/s--HavVfUGU--/if_w_gt_2048,w_2048,c_fit/0462562fc88fd744433da83b0b5d533973f26d6c.jpg",https://libbeyfoodservice.com/product/1009132
9025,Symmetry Highball,Reserve by Libbey,Symmetry,Hi-Ball Tumbler,highball,12.0,354.9,6.19,2.63,157.2,66.8,7.15,8.15,12 Pieces,,true,"https://images.salsify.com/image/upload/s--zfq-V90M--/if_w_gt_2048,w_2048,c_fit/11f2376270ce24ca96675068d157b4736210790e.jpg",https://libbeyfoodservice.com/product/9025
2045,Traverse Hi-Ball,Libbey,Traverse,Hi-Ball Tumbler,highball,12.0,354.9,5.5,3.25,139.7,82.5,4.30,4.90,12 Pieces,,true,"https://images.salsify.com/image/upload/s--eZidfhcX--/if_w_gt_2048,w_2048,c_fit/b1e8b089be76e80a2d9428583ba2552c7c59b7f3.jpg",https://libbeyfoodservice.com/product/2045
15458,Winchester Beverage,Libbey,Winchester,Hi-Ball Tumbler,highball,12.0,354.9,5.38,3.0,136.7,76.2,6.25,7.15,36 Pieces,,true,"https://images.salsify.com/image/upload/s--q7-t24GM--/if_w_gt_2048,w_2048,c_fit/039de75a61fbdfc90a59964110c55ea73b091b01.jpg",https://libbeyfoodservice.com/product/15458
9008012,Classic Bar Longdrink,Spiegelau,Classic Bar,Hi-Ball Tumbler,highball,12.25,362.3,6.13,2.75,155.7,69.8,15.40,17.60,12 Pieces,,true,"https://images.salsify.com/image/upload/s--lCd8Zhme--/if_w_gt_2048,w_2048,c_fit/1d03f5445da228000f7a02abaf6ebe81324fce84.jpg",https://libbeyfoodservice.com/product/9008012
259,Esquire Collins,Libbey,Esquire,Hi-Ball Tumbler,highball,12.25,362.3,5.5,2.88,139.7,73.2,3.05,3.50,36 Pieces,,true,"https://images.salsify.com/image/upload/s--yYREy2xg--/if_w_gt_2048,w_2048,c_fit/1d8e8464c5fe05f397889b53ed0699236a63b229.jpg",https://libbeyfoodservice.com/product/259
11007021,Pisa Beverage,Libbey,Pisa,Hi-Ball Tumbler,highball,12.25,362.3,5.38,3.88,136.7,98.6,6.70,7.65,12 Pieces,,true,"https://images.salsify.com/image/upload/s--kvjSvhoj--/if_w_gt_2048,w_2048,c_fit/f054192623a0e2a0c5c15f278dc1cd0fa84aca71.jpg",https://libbeyfoodservice.com/product/11007021
N98152,Shu Fa Longdrink,Nachtmann,Shu Fa,Hi-Ball Tumbler,highball,12.25,362.3,5.98,2.8,151.9,71.1,13.40,15.30,12 Pieces,,true,"https://images.salsify.com/image/upload/s--isYxvRDm--/if_w_gt_2048,w_2048,c_fit/bc273e5da348c626544aa432bab007c87b05b923.jpg",https://libbeyfoodservice.com/product/n98152
12263,Embassy Cooler,Libbey,Embassy,Hi-Ball Tumbler,highball,12.5,369.7,5.88,2.88,149.4,73.2,6.20,7.10,36 Pieces,,true,"https://images.salsify.com/image/upload/s--qPQ-Z9_k--/if_w_gt_2048,w_2048,c_fit/47168810d28bd990c6331655200d5c412bfbcdbf.jpg",https://libbeyfoodservice.com/product/12263
159,Heavy Base Beverage,Libbey,Heavy Base,Hi-Ball Tumbler,highball,12.5,369.7,5.63,2.88,143.0,73.2,3.15,3.60,48 Pieces,,true,"https://images.salsify.com/image/upload/s--nqSTKeyn--/if_w_gt_2048,w_2048,c_fit/67bfd2a76f838aa1749ea8caa07ce0ec373b12aa.jpg",https://libbeyfoodservice.com/product/159
814CD,Heavy Base Beverage,Libbey,Heavy Base,Hi-Ball Tumbler,highball,12.5,369.7,5.63,2.88,143.0,73.2,3.20,3.65,36 Pieces,,true,"https://images.salsify.com/image/upload/s--GHxE6wdN--/if_w_gt_2048,w_2048,c_fit/e6ce7336eec4f14e5fe10b20d2ca2571dbde644a.jpg",https://libbeyfoodservice.com/product/814cd
139,Heavy Base English Hi-Ball,Libbey,Heavy Base,Hi-Ball Tumbler,highball,13.0,384.5,4.0,3.63,101.6,92.2,3.85,4.40,48 Pieces,,true,"https://images.salsify.com/image/upload/s--SiQectYK--/if_w_gt_2048,w_2048,c_fit/d181835a6f0403072cfc8528396204f142822c93.jpg",https://libbeyfoodservice.com/product/139
9860594,Impressions Beverage,Libbey,Impressions,Hi-Ball Tumbler,highball,13.0,384.5,5.5,3.0,139.7,76.2,7.05,8.05,12 Pieces,,true,"https://images.salsify.com/image/upload/s--_uc48FBI--/if_w_gt_2048,w_2048,c_fit/aec6b0f140244a3b5dbab0b1b20cbbe7ee030d89.jpg",https://libbeyfoodservice.com/product/9860594
3282VCP37,Cidra Double Old Fashioned,Libbey,Cidra,Hi-Ball Tumbler,highball,13.25,391.8,3.54,3.46,89.9,87.9,3.20,3.65,12 Pieces,,true,"https://images.salsify.com/image/upload/s--PNT2F-Ix--/if_w_gt_2048,w_2048,c_fit/3cd771ba7e931eeac9d303bb4d7cfc9762956dcd.jpg",https://libbeyfoodservice.com/product/3282vcp37
N91703,Noblesse Longdrink,Nachtmann,Noblesse,Hi-Ball Tumbler,highball,13.25,391.8,6.0,3.0,152.4,76.2,14.20,16.25,12 Pieces,,true,"https://images.salsify.com/image/upload/s--7oMCHJOT--/if_w_gt_2048,w_2048,c_fit/3f07463548e5cb52c60f9afa1d60c7d217ebda93.jpg",https://libbeyfoodservice.com/product/n91703
N99578,Punk Longdrink,Nachtmann,Punk,Hi-Ball Tumbler,highball,13.25,391.8,5.95,2.95,151.1,74.9,12.70,14.55,12 Pieces,,true,"https://images.salsify.com/image/upload/s--XycJPUGz--/if_w_gt_2048,w_2048,c_fit/d7501b8187087e34dc1f32acafb0548d4fa8072e.jpg",https://libbeyfoodservice.com/product/n99578
15972,Gallery Beverage,Libbey,Gallery,Hi-Ball Tumbler,highball,13.5,399.2,6.63,3.09,168.4,78.5,6.10,7.00,12 Pieces,,true,"https://images.salsify.com/image/upload/s--YENzYyy0--/if_w_gt_2048,w_2048,c_fit/5b15391071663e2185d7263090056379a0c5e100.jpg",https://libbeyfoodservice.com/product/15972
115,Straight Sided Zombie,Libbey,Straight Sided,Hi-Ball Tumbler,highball,13.5,399.2,7.0,2.5,177.8,63.5,3.00,3.40,36 Pieces,,false,"https://images.salsify.com/image/upload/s--VyF7xwCj--/if_w_gt_2048,w_2048,c_fit/3497a9f92d69189b44ba05506444d099ecd8ec69.jpg",https://libbeyfoodservice.com/product/115
4518012,Vino Grande Longdrink,Spiegelau,Vino Grande,Hi-Ball Tumbler,highball,13.75,406.6,6.63,2.5,168.4,63.5,15.75,18.00,12 Pieces,,true,"https://images.salsify.com/image/upload/s--gbTYGU3---/if_w_gt_2048,w_2048,c_fit/b315d1042f6c2ffccdaf42b66dd505359480697b.jpg",https://libbeyfoodservice.com/product/4518012
15814,Elan Duratuff Beverage,Libbey,Elan,Hi-Ball Tumbler,highball,14.0,414.0,6.63,3.13,168.4,79.5,5.75,6.55,12 Pieces,,true,"https://images.salsify.com/image/upload/s--tvTyCScv--/if_w_gt_2048,w_2048,c_fit/ef6c472cef555970ad1813c37d22ba17422a42fd.jpg",https://libbeyfoodservice.com/product/15814
15714,Endeavor Beverage,Libbey,Endeavor,Hi-Ball Tumbler,highball,14.0,414.0,6.63,3.13,168.4,79.5,5.75,6.60,12 Pieces,,true,"https://images.salsify.com/image/upload/s--RuJhh9Wt--/if_w_gt_2048,w_2048,c_fit/c81a022f9e0522c2c67e6fc0f83855cc8df12cf9.jpg",https://libbeyfoodservice.com/product/15714
15437,Everest Cooler,Libbey,Everest,Hi-Ball Tumbler,highball,14.0,414.0,4.75,3.38,120.6,85.9,6.50,7.40,36 Pieces,,true,"https://images.salsify.com/image/upload/s--4mB8fCp3--/if_w_gt_2048,w_2048,c_fit/bad1a85dffff8852313f7b7ac2a4327c82394196.jpg",https://libbeyfoodservice.com/product/15437
15244,Gibraltar Beverage,Libbey,Gibraltar,Hi-Ball Tumbler,highball,14.0,414.0,5.13,3.5,130.3,88.9,4.55,5.20,36 Pieces,,true,"https://images.salsify.com/image/upload/s--QMBzrGEI--/if_w_gt_2048,w_2048,c_fit/7bbb1b3af405576c326578fd9fac505a0319e4ca.jpg",https://libbeyfoodservice.com/product/15244
92406,Infinium Classic Stacking Beverage,Libbey,Infinium,Hi-Ball Tumbler,highball,14.0,414.0,6.5,2.88,165.1,73.2,7.25,8.30,12 Pieces,,true,"https://images.salsify.com/image/upload/s--eN7uyRYK--/if_w_gt_2048,w_2048,c_fit/d6d3ec32b7d1e94232cdeeea96af212726e71e24.jpg",https://libbeyfoodservice.com/product/92406
15479,Inverness Beverage,Libbey,Inverness,Hi-Ball Tumbler,highball,14.0,414.0,5.25,3.5,133.3,88.9,5.85,6.70,36 Pieces,,true,"https://images.salsify.com/image/upload/s--3uExeOTz--/if_w_gt_2048,w_2048,c_fit/9739e99143c5313ad87cea8457e3920161129d5c.jpg",https://libbeyfoodservice.com/product/15479
1009737,"Marcela Highball Glass, 14 Oz.",Libbey,Marcela,Hi-Ball Tumbler,highball,14.0,414.0,5.81,2.97,147.6,75.4,6.85,7.85,12 Pieces,,false,"https://images.salsify.com/image/upload/s--HjYMt-0d--/if_w_gt_2048,w_2048,c_fit/o4dcdymyef9u0e6mdatj.jpg",https://libbeyfoodservice.com/product/1009737
15965,Optiva Beverage,Libbey,Optiva,Hi-Ball Tumbler,highball,14.0,414.0,6.0,3.38,152.4,85.9,6.10,6.95,12 Pieces,,true,"https://images.salsify.com/image/upload/s--UUnn3QrG--/if_w_gt_2048,w_2048,c_fit/215dd18c09ab60e63cf8f89a12e55b8228665498.jpg",https://libbeyfoodservice.com/product/15965
4078012,Soiree Longdrink,Spiegelau,Soiree,Hi-Ball Tumbler,highball,14.0,414.0,6.25,2.63,158.8,66.8,13.10,15.00,12 Pieces,,true,"https://images.salsify.com/image/upload/s--riEsf4rR--/if_w_gt_2048,w_2048,c_fit/b38c2a123d288939f17e6bbaf110931cd0130741.jpg",https://libbeyfoodservice.com/product/4078012
9026,Symmetry Highball,Reserve by Libbey,Symmetry,Hi-Ball Tumbler,highball,14.0,414.0,6.48,2.74,164.6,69.6,7.45,8.50,12 Pieces,,true,"https://images.salsify.com/image/upload/s--zTfNBLlf--/if_w_gt_2048,w_2048,c_fit/3296ef835b1362635354b61b5bb70cf898c175c1.jpg",https://libbeyfoodservice.com/product/9026
1009734,"Whitney Highball Glass, 14 Oz.",Libbey,Whitney,Hi-Ball Tumbler,highball,14.0,414.0,5.81,2.97,147.6,75.4,6.85,7.85,12 Pieces,,false,"https://images.salsify.com/image/upload/s--SfsXuOov--/if_w_gt_2048,w_2048,c_fit/hi7dujpeugn04hh6s957.jpg",https://libbeyfoodservice.com/product/1009734
11106721,Series V Series V420 Beverage,Libbey,Series V,Hi-Ball Tumbler,highball,14.25,421.4,6.75,3.38,171.4,85.9,5.90,6.75,12 Pieces,,true,"https://images.salsify.com/image/upload/s--I0wYAF3q--/if_w_gt_2048,w_2048,c_fit/c5449acbc91558e8189a5de658cbf888ab081aa4.jpg",https://libbeyfoodservice.com/product/11106721
9039,Modernist Beverage,Reserve by Libbey,Modernist,Hi-Ball Tumbler,highball,15.0,443.6,6.75,2.75,171.4,69.8,6.70,7.65,24 Pieces,,true,"https://images.salsify.com/image/upload/s--VhHKLwI8--/if_w_gt_2048,w_2048,c_fit/00964701a5772ac9e0db2761c169b8dc6c0bceca.jpg",https://libbeyfoodservice.com/product/9039
9039/69477,Renewal Crosshatch Beverage,Reserve by Libbey,Renewal,Hi-Ball Tumbler,highball,15.0,443.6,6.75,2.75,171.4,69.8,17.60,20.10,24 Pieces,,true,"https://images.salsify.com/image/upload/s--Q5y59cW1--/if_w_gt_2048,w_2048,c_fit/37198fbdcbdea9642895efd5e7c1e9875148be50.jpg",https://libbeyfoodservice.com/product/9039-69477
3715,Embassy Poco Grande,Libbey,Embassy,Hurricane Cocktail,hurricane,10.5,310.5,7.0,3.13,177.8,79.5,7.65,8.75,24 Pieces,,true,"https://images.salsify.com/image/upload/s--P2XtYpSL--/if_w_gt_2048,w_2048,c_fit/f52b01f4c7927adee33335f32929b7d0c8f57d41.jpg",https://libbeyfoodservice.com/product/3715
3717,Embassy Poco Grande,Libbey,Embassy,Hurricane Cocktail,hurricane,13.25,391.8,7.0,3.38,177.8,85.9,7.60,8.70,12 Pieces,,true,"https://images.salsify.com/image/upload/s--5ewvsCfT--/if_w_gt_2048,w_2048,c_fit/22b515f811b6464e9f0c8f22cb9c14caeca73163.jpg",https://libbeyfoodservice.com/product/3717
3617,Specialty Glassware Cyclone,Libbey,Specialty Glasses,Hurricane Cocktail,hurricane,15.0,443.6,8.25,3.13,209.5,79.5,8.25,9.40,12 Pieces,,true,"https://images.salsify.com/image/upload/s--UdQakvbI--/if_w_gt_2048,w_2048,c_fit/d1254a9e206e98378f0b79a7ed448b80bf6d7fa1.jpg",https://libbeyfoodservice.com/product/3617
3616,Specialty Glassware Squall,Libbey,Specialty Glasses,Hurricane Cocktail,hurricane,15.0,443.6,8.25,3.13,209.5,79.5,8.45,9.65,12 Pieces,,true,"https://images.salsify.com/image/upload/s--oswuveTk--/if_w_gt_2048,w_2048,c_fit/3352cf4499023f76bf8c5291035f0ff1486ca71c.jpg",https://libbeyfoodservice.com/product/3616
92421,Infinium Classic Hurricane,Libbey,Infinium,Hurricane Cocktail,hurricane,16.0,473.2,7.75,3.0,196.8,76.2,10.35,11.80,12 Pieces,,true,"https://images.salsify.com/image/upload/s--ZXL6iNXO--/if_w_gt_2048,w_2048,c_fit/62fe07185e2f7ea04e76a9ef7b24f1945ff7ef1d.jpg",https://libbeyfoodservice.com/product/92421
5134,Miscellaneous Tumblers Side Water,Libbey,Miscellaneous Tumbler,Juice Tumbler,juice,4.0,118.3,3.13,2.38,79.5,60.5,2.00,2.30,72 Pieces,,true,"https://images.salsify.com/image/upload/s--C4XqIFAg--/if_w_gt_2048,w_2048,c_fit/9c9c0f98397acb56ed28d991af412a4aeda7e77f.jpg",https://libbeyfoodservice.com/product/5134
5134/1124N,Restaurant Basics Measuring Glass,Libbey,Miscellaneous Tumbler,Juice Tumbler,juice,4.0,118.3,3.13,2.38,79.5,60.5,3.30,3.75,12 Pieces,,true,"https://images.salsify.com/image/upload/s--UDrV2DP9--/if_w_gt_2048,w_2048,c_fit/afd8e2032f56d442f6c3587020c595118acbdd7a.jpg",https://libbeyfoodservice.com/product/5134-1124n
2523,Chicago Juice,Libbey,Chicago,Juice Tumbler,juice,4.75,140.5,4.0,2.13,101.6,54.1,3.05,3.50,12 Pieces,,true,"https://images.salsify.com/image/upload/s---O0O1UDA--/if_w_gt_2048,w_2048,c_fit/d16dd36f0ce15c44186f639370ef5d92fff41bb8.jpg",https://libbeyfoodservice.com/product/2523
249,Esquire Side Water,Libbey,Esquire,Juice Tumbler,juice,5.0,147.9,4.0,2.25,101.6,57.1,2.55,2.90,72 Pieces,,true,"https://images.salsify.com/image/upload/s--_hcGBZMZ--/if_w_gt_2048,w_2048,c_fit/adf55cddb8f4fde1f6c4f98f76b3ac798cf5be8b.jpg",https://libbeyfoodservice.com/product/249
15431,Everest Juice,Libbey,Everest,Juice Tumbler,juice,5.0,147.9,2.88,2.88,73.2,73.2,4.45,5.05,36 Pieces,,true,"https://images.salsify.com/image/upload/s--he3WwGs---/if_w_gt_2048,w_2048,c_fit/4c68c7b98eedc8db17e398e9b1210fa275b9a4c6.jpg",https://libbeyfoodservice.com/product/15431
56,Straight Sided Juice,Libbey,Straight Sided,Juice Tumbler,juice,5.0,147.9,3.5,2.25,88.9,57.1,1.80,2.10,72 Pieces,,true,"https://images.salsify.com/image/upload/s--ckkd9mbu--/if_w_gt_2048,w_2048,c_fit/1f74f00ca236da75ea5ca13889ff2c87455e13d1.jpg",https://libbeyfoodservice.com/product/56
149,Heavy Base Side Water,Libbey,Heavy Base,Juice Tumbler,juice,5.5,162.7,3.5,2.38,88.9,60.5,2.25,2.55,72 Pieces,,true,"https://images.salsify.com/image/upload/s--V5fEBjf2--/if_w_gt_2048,w_2048,c_fit/7536026426974fa0014dc6b7301893ebea83fef6.jpg",https://libbeyfoodservice.com/product/149
58,Straight Sided Seltzer,Libbey,Straight Sided,Juice Tumbler,juice,6.0,177.4,3.5,2.38,88.9,60.5,1.80,2.10,72 Pieces,,true,"https://images.salsify.com/image/upload/s--9LWPreis--/if_w_gt_2048,w_2048,c_fit/16ca3bd777957640d643432f8e518f0e03450676.jpg",https://libbeyfoodservice.com/product/58
131,Heavy Base Diplomat Hi-Ball,Libbey,Heavy Base,Juice Tumbler,juice,6.5,192.2,4.63,2.5,117.6,63.5,2.50,2.85,72 Pieces,,true,"https://images.salsify.com/image/upload/s--fnmNrXuf--/if_w_gt_2048,w_2048,c_fit/64bd462401d90019b6078155eefce1dc000ac45f.jpg",https://libbeyfoodservice.com/product/131
123,Heavy Base Hi-Ball,Libbey,Heavy Base,Juice Tumbler,juice,7.0,207.0,4.38,2.5,111.3,63.5,2.55,2.90,48 Pieces,,true,"https://images.salsify.com/image/upload/s--rv6E71li--/if_w_gt_2048,w_2048,c_fit/33f75d38966548addee2ddb9db64d44a01c2214b.jpg",https://libbeyfoodservice.com/product/123
4508012,Perfect Serve Longdrink,Spiegelau,Perfect Serve,Juice Tumbler,juice,8.0,236.6,3.94,2.8,100.1,71.1,12.80,14.60,12 Pieces,,true,"https://images.salsify.com/image/upload/s--VnTicHjP--/if_w_gt_2048,w_2048,c_fit/77d7c308ed91d9f52a139b4bfb11fbc0936ab03c.jpg",https://libbeyfoodservice.com/product/4508012
15640,Paneled Juice,Libbey,Paneled,Juice Tumbler,juice,8.5,251.4,4.13,3.0,104.9,76.2,3.85,4.35,36 Pieces,,true,"https://images.salsify.com/image/upload/s--NKBSDN3I--/if_w_gt_2048,w_2048,c_fit/7348979b3ffbd83779018d542e89c5e3b5fc7ee0.jpg",https://libbeyfoodservice.com/product/15640
1789821,Puebla Tumbler,Libbey,Puebla,Juice Tumbler,juice,9.0,266.2,4.0,2.88,101.6,73.2,2.80,3.20,24 Pieces,,true,"https://images.salsify.com/image/upload/s--k8sF3gY1--/if_w_gt_2048,w_2048,c_fit/9ad2d0e3f3c1c432416d496dd730417ad655363e.jpg",https://libbeyfoodservice.com/product/1789821
8429,Citation Gourmet Coupette/Margarita,Libbey,Citation,Margarita Cocktail,margarita,9.0,266.2,6.13,4.5,155.7,114.3,7.55,8.65,12 Pieces,,true,"https://images.salsify.com/image/upload/s--ZxkhShON--/if_w_gt_2048,w_2048,c_fit/9a74c8d1b67c8892a51fd47771904044e879e30f.jpg",https://libbeyfoodservice.com/product/8429
2667,Symbio 10.25 Oz Cocktail,Libbey,Symbio,Margarita Cocktail,margarita,10.25,303.1,3.94,4.03,100.1,102.4,2.55,2.95,12 Pieces,,true,"https://images.salsify.com/image/upload/s--2cQxMvCF--/if_w_gt_2048,w_2048,c_fit/2bcda8318a5a1f106aafae2ae0d0eadcee0711da.jpg",https://libbeyfoodservice.com/product/2667
92308R,Aruba Margarita,Libbey,Aruba,Margarita Cocktail,margarita,12.0,354.9,6.25,4.63,158.8,117.6,19.80,22.60,12 Pieces,,true,"https://images.salsify.com/image/upload/s--Oj8IYDim--/if_w_gt_2048,w_2048,c_fit/a27b8e79891864ea215240bc5970d7a1e2a72fa5.jpg",https://libbeyfoodservice.com/product/92308r
92308,Aruba Margarita,Libbey,Aruba,Margarita Cocktail,margarita,12.0,354.9,6.25,4.63,158.8,117.6,17.95,20.50,12 Pieces,,true,"https://images.salsify.com/image/upload/s--Z_v_Unn---/if_w_gt_2048,w_2048,c_fit/283d1a419c5f057ae1013d8f364116e4fb48a55f.jpg",https://libbeyfoodservice.com/product/92308
8423,Grande Fiesta,Libbey,Grande,Margarita Cocktail,margarita,12.0,354.9,6.0,4.5,152.4,114.3,10.00,11.45,12 Pieces,,true,"https://images.salsify.com/image/upload/s--dV0mYZpg--/if_w_gt_2048,w_2048,c_fit/e5c2b92ec7b94ac7ec99cb954c2feca20cb44878.jpg",https://libbeyfoodservice.com/product/8423
3619JS,Specialty Glassware Cactus Margarita,Libbey,Specialty Glasses,Margarita Cocktail,margarita,12.0,354.9,6.13,4.0,155.7,101.6,7.70,8.80,12 Pieces,,true,"https://images.salsify.com/image/upload/s--Eu_9xypz--/if_w_gt_2048,w_2048,c_fit/cbd5b1b9a1df79b367224d28b5474550723d971e.jpg",https://libbeyfoodservice.com/product/3619js
5784,Yucatan Margarita Glass,Libbey,Yucatan,Margarita Cocktail,margarita,13.5,399.2,6.63,4.75,168.4,120.6,10.40,11.90,12 Pieces,,true,"https://images.salsify.com/image/upload/s--LIYiVK5r--/if_w_gt_2048,w_2048,c_fit/81706d7ba8943d9a4337e8d2b327de90c9655679.jpg",https://libbeyfoodservice.com/product/5784
8430,Citation Gourmet Coupette/Margarita,Libbey,Citation,Margarita Cocktail,margarita,14.75,436.2,7.0,4.0,177.8,101.6,9.15,10.45,12 Pieces,,true,"https://images.salsify.com/image/upload/s--Lw44iJze--/if_w_gt_2048,w_2048,c_fit/f420a6a58138edf94bd58c5c0d339999730cb6fb.jpg",https://libbeyfoodservice.com/product/8430
8422,Grande Fiesta,Libbey,Grande,Margarita Cocktail,margarita,15.75,465.8,6.13,5.0,155.7,127.0,10.30,11.80,12 Pieces,,true,"https://images.salsify.com/image/upload/s---TeqF8Uv--/if_w_gt_2048,w_2048,c_fit/72c451a610fb756939703e3384f3dd6e38e087a2.jpg",https://libbeyfoodservice.com/product/8422
92315,Aruba Margarita,Libbey,Aruba,Margarita Cocktail,margarita,16.0,473.2,6.5,4.88,165.1,124.0,18.25,20.85,12 Pieces,,true,"https://images.salsify.com/image/upload/s--gBgWINbg--/if_w_gt_2048,w_2048,c_fit/20220d21ef00081c880613f8363f3eed37c71f2d.jpg",https://libbeyfoodservice.com/product/92315
3620JS,Specialty Glassware Cactus Margarita,Libbey,Specialty Glasses,Margarita Cocktail,margarita,16.0,473.2,6.25,4.38,158.8,111.3,8.45,9.70,12 Pieces,,true,"https://images.salsify.com/image/upload/s--C3MXIAlJ--/if_w_gt_2048,w_2048,c_fit/b1e53535defbe72c4c89f8c9efba531e81c6e58c.jpg",https://libbeyfoodservice.com/product/3620js
8417,Grande Fiesta,Libbey,Grande,Margarita Cocktail,margarita,16.75,495.4,6.25,5.0,158.8,127.0,10.65,12.15,12 Pieces,,true,"https://images.salsify.com/image/upload/s--Bk12z9wg--/if_w_gt_2048,w_2048,c_fit/3cfaccffbe087e12858eb9bf673b5468e1ea041d.jpg",https://libbeyfoodservice.com/product/8417
8418,Grande Bolla,Libbey,Grande,Margarita Cocktail,margarita,17.5,517.5,6.88,4.38,174.8,111.3,10.45,11.95,12 Pieces,,true,"https://images.salsify.com/image/upload/s--gFlrjMeI--/if_w_gt_2048,w_2048,c_fit/6a4a500bb2592fcf3b7a31f52ab3b1026d1564b8.jpg",https://libbeyfoodservice.com/product/8418
8427,Grande Magna,Libbey,Grande,Margarita Cocktail,margarita,27.25,805.9,7.38,5.0,187.5,127.0,10.65,12.20,12 Pieces,,true,"https://images.salsify.com/image/upload/s--W5LhJr01--/if_w_gt_2048,w_2048,c_fit/87da02510d2ed7ce3c368ce5611745ce6eab0a14.jpg",https://libbeyfoodservice.com/product/8427
1721361,Super Stems Super Margarita,Libbey,Super Stem,Margarita Cocktail,margarita,56.0,1656.1,10.63,7.5,270.0,190.5,32.25,36.85,6 Pieces,,true,"https://images.salsify.com/image/upload/s--3-iM0NCV--/if_w_gt_2048,w_2048,c_fit/816ac09e1520afc34b3971490f4ed8823654d225.jpg",https://libbeyfoodservice.com/product/1721361
3701,Embassy Mini Martini,Libbey,Embassy,Martini Cocktail,martini,3.0,88.7,3.75,3.13,95.2,79.5,6.20,7.10,12 Pieces,,true,"https://images.salsify.com/image/upload/s--j82bkEt6--/if_w_gt_2048,w_2048,c_fit/2ca5bc1c9d3e1491226815e8e7a795fccfdc3294.jpg",https://libbeyfoodservice.com/product/3701
3771,Embassy Cocktail,Libbey,Embassy,Martini Cocktail,martini,5.0,147.9,5.25,3.75,133.3,95.2,6.10,7.00,36 Pieces,,true,"https://images.salsify.com/image/upload/s--HPrevKwm--/if_w_gt_2048,w_2048,c_fit/de0b1c723afba6c686824adfca43c0b0a63ea01f.jpg",https://libbeyfoodservice.com/product/3771
4508025,Perfect Serve Cocktail Glass,Spiegelau,Perfect Serve,Martini Cocktail,martini,5.5,162.7,5.51,4.06,140.0,103.1,14.10,16.15,12 Pieces,,true,"https://images.salsify.com/image/upload/s--Qif1d2ii--/if_w_gt_2048,w_2048,c_fit/d5ab36a02fb4ff1fb3b4c7e41ec8cce144c4736d.jpg",https://libbeyfoodservice.com/product/4508025
8455,Citation Cocktail,Libbey,Citation,Martini Cocktail,martini,6.0,177.4,5.88,4.25,149.4,107.9,5.95,6.80,36 Pieces,,true,"https://images.salsify.com/image/upload/s--3v4NUgkX--/if_w_gt_2048,w_2048,c_fit/91fccc64dffa1c76f5369251706890751eeb0e78.jpg",https://libbeyfoodservice.com/product/8455
8876,Retro Cocktail,Libbey,Cocktail,Martini Cocktail,martini,6.5,192.2,6.0,4.25,152.4,107.9,7.50,8.60,36 Pieces,,true,"https://images.salsify.com/image/upload/s--eJfAFSfv--/if_w_gt_2048,w_2048,c_fit/aad14db7433fa4d1825be72848cc501ef99c982b.jpg",https://libbeyfoodservice.com/product/8876
601404,Speakeasy Martini,Libbey,Speakeasy,Martini Cocktail,martini,6.5,192.2,6.5,3.85,165.1,97.8,7.80,8.90,12 Pieces,,true,"https://images.salsify.com/image/upload/s--1fQiBOYy--/if_w_gt_2048,w_2048,c_fit/49533a2474c15a45b4df25a2ad717489c6616929.jpg",https://libbeyfoodservice.com/product/601404
4518025,Vino Grande Martini/Cocktail,Spiegelau,Vino Grande,Martini Cocktail,martini,6.5,192.2,6.88,4.63,174.8,117.6,16.10,18.40,12 Pieces,,true,"https://images.salsify.com/image/upload/s--3F41eG1q--/if_w_gt_2048,w_2048,c_fit/5391fef57b275d422888b7ad3022d7a80a7ecdb7.jpg",https://libbeyfoodservice.com/product/4518025
9135,Renaissance Martini,Reserve by Libbey,Renaissance,Martini Cocktail,martini,7.0,207.0,6.93,4.11,176.0,104.4,8.30,9.45,12 Pieces,,true,"https://images.salsify.com/image/upload/s--tX-CwqOs--/if_w_gt_2048,w_2048,c_fit/3b7c7d95a7fd6bdbdbfb97ef6d2f2d66cda27d57.jpg",https://libbeyfoodservice.com/product/9135
9135/AM8Y8J,Renewal Inspire Martini Glass,Reserve by Libbey,Renewal,Martini Cocktail,martini,7.0,207.0,6.93,4.11,176.0,104.4,17.70,20.25,12 Pieces,,true,"https://images.salsify.com/image/upload/s--W8L5kU4M--/if_w_gt_2048,w_2048,c_fit/aa94224a95dee5dedfc90066e7d3da7d30ef3383.jpg",https://libbeyfoodservice.com/product/9135-am8y8j
8555SR,Bristol Valley Cocktail,Libbey,Bristol Valley,Martini Cocktail,martini,7.5,221.8,6.25,4.25,158.8,107.9,7.35,8.40,24 Pieces,,true,"https://images.salsify.com/image/upload/s--Of-sXvrP--/if_w_gt_2048,w_2048,c_fit/85c69b33bed488c5fccda776d2964cc25db2b00c.jpg",https://libbeyfoodservice.com/product/8555sr
3733,Embassy Cocktail,Libbey,Embassy,Martini Cocktail,martini,7.5,221.8,6.38,4.25,162.1,107.9,6.10,7.00,12 Pieces,,true,"https://images.salsify.com/image/upload/s--jsZSLBrR--/if_w_gt_2048,w_2048,c_fit/24d9efee839e1a23a4cc8baef2dbedc8199ba33a.jpg",https://libbeyfoodservice.com/product/3733
4458025,Lifestyle Martini,Spiegelau,Lifestyle,Martini Cocktail,martini,7.5,221.8,7.0,4.33,177.8,110.0,16.40,18.75,12 Pieces,,true,"https://images.salsify.com/image/upload/s--7G70N1Jp--/if_w_gt_2048,w_2048,c_fit/314285bfdd3fb17a00d9282358407df59c7fe5aa.jpg",https://libbeyfoodservice.com/product/4458025
8978,Domaine Martini,Libbey,Domaine,Martini Cocktail,martini,8.0,236.6,7.0,4.5,177.8,114.3,6.65,7.55,12 Pieces,,true,"https://images.salsify.com/image/upload/s--5atzOwas--/if_w_gt_2048,w_2048,c_fit/eed5fc3e9d2eaa9175db68987b759a3c9e775881.jpg",https://libbeyfoodservice.com/product/8978
92412,Infinium Classic Martini,Libbey,Infinium,Martini Cocktail,martini,8.0,236.6,7.38,4.63,187.5,117.6,10.35,11.80,12 Pieces,,true,"https://images.salsify.com/image/upload/s--kr-JyWHb--/if_w_gt_2048,w_2048,c_fit/645821cad50e873df28b3c0a0ad95c3bc01598af.jpg",https://libbeyfoodservice.com/product/92412
7512,Vina Martini,Libbey,Vina,Martini Cocktail,martini,8.0,236.6,6.88,4.88,174.8,124.0,6.40,7.30,12 Pieces,,true,"https://images.salsify.com/image/upload/s--UnrZnLv1--/if_w_gt_2048,w_2048,c_fit/df4d116447e01d0070b822bbce4fd391673a04de.jpg",https://libbeyfoodservice.com/product/7512
8485,Grande Salud,Libbey,Grande,Martini Cocktail,martini,8.5,251.4,6.75,4.5,171.4,114.3,10.45,11.95,12 Pieces,,true,"https://images.salsify.com/image/upload/s--vtmNL4op--/if_w_gt_2048,w_2048,c_fit/3bced13992734f56b19a7f23f0e727cfca4c9975.jpg",https://libbeyfoodservice.com/product/8485
4718025,Specialty Glassware Martini/Cocktail,Spiegelau,Specialty Glasses - Spiegelau,Martini Cocktail,martini,8.5,251.4,6.63,4.38,168.4,111.3,15.80,18.05,12 Pieces,,true,"https://images.salsify.com/image/upload/s--uaBGrgPN--/if_w_gt_2048,w_2048,c_fit/2c4867c2bf19a84aa2195acdaffe3f4d57c68756.jpg",https://libbeyfoodservice.com/product/4718025
3779,Embassy Martini,Libbey,Embassy,Martini Cocktail,martini,9.0,266.2,6.5,4.38,165.1,111.3,6.20,7.10,12 Pieces,,true,"https://images.salsify.com/image/upload/s--q9mwlpt8--/if_w_gt_2048,w_2048,c_fit/d79534f7c408b8f27d8fe9a89d700239192cc067.jpg",https://libbeyfoodservice.com/product/3779
112645,Infinium Cosmopolitan,Libbey,Infinium,Martini Cocktail,martini,9.0,266.2,3.88,4.01,98.6,101.9,7.30,8.30,12 Pieces,,true,"https://images.salsify.com/image/upload/s--4OmjUvMG--/if_w_gt_2048,w_2048,c_fit/bb1cee8a1c7f6a8da82a8007ad558fa6cb782179.jpg",https://libbeyfoodservice.com/product/112645
37799,Z Stem Martini,Libbey,Z Stem,Martini Cocktail,martini,9.0,266.2,6.5,4.38,165.1,111.3,7.00,8.00,12 Pieces,,true,"https://images.salsify.com/image/upload/s--GS3iI9yo--/if_w_gt_2048,w_2048,c_fit/a977b4b2ae9f1692d6bde01c8808794603020951.jpg",https://libbeyfoodservice.com/product/37799
7402,Linear Martini,Libbey,Linear,Martini Cocktail,martini,9.5,280.9,7.92,4.31,201.2,109.5,7.65,8.75,12 Pieces,,true,"https://images.salsify.com/image/upload/s--3KKsntm0--/if_w_gt_2048,w_2048,c_fit/4147f10aeae7e26c1da1a87dc7581ad3f2aeaa6a.jpg",https://libbeyfoodservice.com/product/7402
7402/AG8N1P,"Linear Martini, Blush",Libbey,Linear Color,Martini Cocktail,martini,9.5,280.9,7.92,4.31,201.2,109.5,9.95,11.35,12 Pieces,,true,"https://images.salsify.com/image/upload/s--VQNje-iD--/if_w_gt_2048,w_2048,c_fit/57f536338b7c97057ec4aef9ba605e095b44f51e.jpg",https://libbeyfoodservice.com/product/7402-ag8n1p
7402/AK1K2K,"Linear Martini, Sapphire",Libbey,Linear Color,Martini Cocktail,martini,9.5,280.9,7.92,4.31,201.2,109.5,9.95,11.35,12 Pieces,,true,"https://images.salsify.com/image/upload/s--O3zpDsLp--/if_w_gt_2048,w_2048,c_fit/730cf08b125b1eb711113797b90534dc067f70aa.jpg",https://libbeyfoodservice.com/product/7402-ak1k2k
8480,Grande Salud,Libbey,Grande,Martini Cocktail,martini,10.0,295.7,6.88,4.75,174.8,120.6,10.80,12.35,12 Pieces,,true,"https://images.salsify.com/image/upload/s--QvuHu1LI--/if_w_gt_2048,w_2048,c_fit/4f35593c81363411c83bf80822ac3931e0ff1ac1.jpg",https://libbeyfoodservice.com/product/8480
9136,Renaissance Martini,Reserve by Libbey,Renaissance,Martini Cocktail,martini,10.0,295.7,7.68,4.6,195.1,116.8,8.55,9.80,12 Pieces,,true,"https://images.salsify.com/image/upload/s--tX-CwqOs--/if_w_gt_2048,w_2048,c_fit/3b7c7d95a7fd6bdbdbfb97ef6d2f2d66cda27d57.jpg",https://libbeyfoodservice.com/product/9136
9136/69477,Renewal Crosshatch Martini,Reserve by Libbey,Renewal,Martini Cocktail,martini,10.0,295.7,7.68,4.6,195.1,116.8,17.10,19.55,12 Pieces,,true,"https://images.salsify.com/image/upload/s--2Z5RjIaP--/if_w_gt_2048,w_2048,c_fit/d11ad3b50e57de7a445c0b4b144f149d81292103.jpg",https://libbeyfoodservice.com/product/9136-69477
7518,Vina Martini,Libbey,Vina,Martini Cocktail,martini,10.0,295.7,7.25,4.63,184.1,117.6,6.50,7.40,12 Pieces,,true,"https://images.salsify.com/image/upload/s--g0WLaoME--/if_w_gt_2048,w_2048,c_fit/62b162e84d8dd6dfdd4f7022d2ac1e0a8e3afa49.jpg",https://libbeyfoodservice.com/product/7518
1103,Symbio Martini,Libbey,Symbio,Martini Cocktail,martini,12.0,354.9,5.5,4.2,139.7,106.7,2.85,3.25,12 Pieces,,true,"https://images.salsify.com/image/upload/s--1yaOMzEq--/if_w_gt_2048,w_2048,c_fit/2e083ab2235aa82adaa2c9879e0d64711f59092d.jpg",https://libbeyfoodservice.com/product/1103
7507,Vina Martini,Libbey,Vina,Martini Cocktail,martini,12.0,354.9,7.38,4.88,187.5,124.0,6.55,7.50,12 Pieces,,true,"https://images.salsify.com/image/upload/s--wDJ5q6z1--/if_w_gt_2048,w_2048,c_fit/b979b98d0d5cc159342ce73e4d5094e4b1b79d0f.jpg",https://libbeyfoodservice.com/product/7507
224,Stemless Martini,Libbey,Stemless,Martini Cocktail,martini,13.5,399.2,3.5,4.5,88.9,114.3,3.75,4.30,12 Pieces,,true,"https://images.salsify.com/image/upload/s--XggHveUE--/if_w_gt_2048,w_2048,c_fit/f18f9a6e2eeb9957476d883d4a81e75678053c1e.jpg",https://libbeyfoodservice.com/product/224
5003,Beer Mug Sampler Mug,Libbey,Beer Mug,Cold Mug,mug,4.0,118.3,5.0,2.63,127.0,66.8,5.20,5.95,24 Pieces,,true,"https://images.salsify.com/image/upload/s--Nxlo0SUA--/if_w_gt_2048,w_2048,c_fit/c4de85da05339bcb73bfcd2a0b39237377224a99.jpg",https://libbeyfoodservice.com/product/5003
5362,Beer Mug,Libbey,Beer Mug,Cold Mug,mug,10.0,295.7,5.0,3.0,127.0,76.2,5.80,6.65,12 Pieces,,true,"https://images.salsify.com/image/upload/s--Z5ebfEga--/if_w_gt_2048,w_2048,c_fit/aa6640497f53d84a63701913070328b79981133e.jpg",https://libbeyfoodservice.com/product/5362
5205,Beer Stein Mug,Libbey,Beer Mug,Cold Mug,mug,10.0,295.7,5.88,4.5,149.4,114.3,8.25,9.40,12 Pieces,,true,"https://images.salsify.com/image/upload/s--iVpNc1Vq--/if_w_gt_2048,w_2048,c_fit/f9dfb71033fb1e3623ac266d8f945d9cded122df.jpg",https://libbeyfoodservice.com/product/5205
5019,Paneled Mug,Libbey,Paneled,Cold Mug,mug,10.0,295.7,5.38,4.88,136.7,124.0,6.60,7.55,12 Pieces,,true,"https://images.salsify.com/image/upload/s--uJ0rnPhh--/if_w_gt_2048,w_2048,c_fit/5bc95359aa71b1f63ef10e805bd62ef1ded377d9.jpg",https://libbeyfoodservice.com/product/5019
5309,Beer Mug,Libbey,Beer Mug,Cold Mug,mug,12.0,354.9,5.63,4.88,143.0,124.0,5.60,6.40,24 Pieces,,true,"https://images.salsify.com/image/upload/s--c89JOVL0--/if_w_gt_2048,w_2048,c_fit/883248036142afaeed057faabb5e4d2b9275793e.jpg",https://libbeyfoodservice.com/product/5309
5364,"Beer Mug, Large Handle",Libbey,Beer Mug,Cold Mug,mug,12.0,354.9,5.5,5.13,139.7,130.3,6.90,7.85,12 Pieces,,true,"https://images.salsify.com/image/upload/s--qgpVBSFq--/if_w_gt_2048,w_2048,c_fit/a6f227c38e38701dbfd3ad37f1d5ee38a2fb7241.jpg",https://libbeyfoodservice.com/product/5364
5273,"Beer Mug, With Thumb Rest",Libbey,Beer Mug,Cold Mug,mug,12.0,354.9,5.5,4.63,139.7,117.6,6.90,7.90,12 Pieces,,true,"https://images.salsify.com/image/upload/s--XhR1v624--/if_w_gt_2048,w_2048,c_fit/9b25425bfc22e17bba3217a30fb9ac61e61aad50.jpg",https://libbeyfoodservice.com/product/5273
5206,Beer Stein Mug,Libbey,Beer Mug,Cold Mug,mug,12.0,354.9,5.88,4.5,149.4,114.3,8.50,9.70,12 Pieces,,true,"https://images.salsify.com/image/upload/s--YChby9qo--/if_w_gt_2048,w_2048,c_fit/b14268e3146e5b224fe0a8cd872af024df1ce736.jpg",https://libbeyfoodservice.com/product/5206
5016,Paneled Mug,Libbey,Paneled,Cold Mug,mug,12.0,354.9,5.88,5.13,149.4,130.3,7.85,8.95,12 Pieces,,true,"https://images.salsify.com/image/upload/s--Uv97qA8j--/if_w_gt_2048,w_2048,c_fit/d9f1e9e518ba99484c510cb13603dbb7173d9dab.jpg",https://libbeyfoodservice.com/product/5016
5018,Paneled Mug,Libbey,Paneled,Cold Mug,mug,14.0,414.0,6.13,5.0,155.7,127.0,8.20,9.35,12 Pieces,,true,"https://images.salsify.com/image/upload/s--uygaNfiO--/if_w_gt_2048,w_2048,c_fit/4a0308ccd3bcb2e0aab5eb26a4d9d40ab2a04d12.jpg",https://libbeyfoodservice.com/product/5018
5027,Beer Mug Maritime Mug,Libbey,Beer Mug,Cold Mug,mug,15.0,443.6,5.13,5.0,130.3,127.0,8.95,10.20,12 Pieces,,true,"https://images.salsify.com/image/upload/s--WT54uoXk--/if_w_gt_2048,w_2048,c_fit/6e08473c99b36387be3f176238a0214a89844191.jpg",https://libbeyfoodservice.com/product/5027
5092,Beer Mug Tankard,Libbey,Beer Mug,Cold Mug,mug,16.0,473.2,6.13,4.75,155.7,120.6,8.25,9.40,12 Pieces,,true,"https://images.salsify.com/image/upload/s--5XWSkc34--/if_w_gt_2048,w_2048,c_fit/a6c77bc1eacd1ab78246e316ec2be36bc7033958.jpg",https://libbeyfoodservice.com/product/5092
5355,Dimple Stein Beer Mug,Libbey,Beer Mug,Cold Mug,mug,19.25,569.3,4.88,5.38,124.0,136.7,5.80,6.65,24 Pieces,,true,"https://images.salsify.com/image/upload/s--cOzaoRlc--/if_w_gt_2048,w_2048,c_fit/8dd1753ecc8e39062bb9a1799ccdc608a91ad8e8.jpg",https://libbeyfoodservice.com/product/5355
5303,Thumbprint Stein Mug,Libbey,Beer Mug,Cold Mug,mug,19.5,576.7,5.63,6.88,143.0,174.8,5.15,5.85,24 Pieces,,true,"https://images.salsify.com/image/upload/s--hGgOYE1H--/if_w_gt_2048,w_2048,c_fit/5c8f870bab3ca3d83c1fbd751ffb3b4734834fe5.jpg",https://libbeyfoodservice.com/product/5303
5001,Beer Mug Mug,Libbey,Beer Mug,Cold Mug,mug,21.0,621.0,9.0,4.38,228.6,111.3,12.05,13.75,12 Pieces,,true,"https://images.salsify.com/image/upload/s--Xea7HIhI--/if_w_gt_2048,w_2048,c_fit/dfe68154873b3275a7809c3f9a2a070189d1ae94.jpg",https://libbeyfoodservice.com/product/5001
5327,Paneled Mug,Libbey,Paneled,Cold Mug,mug,22.0,650.6,7.38,5.13,187.5,130.3,10.60,12.10,12 Pieces,,true,"https://images.salsify.com/image/upload/s--ekIAd_pZ--/if_w_gt_2048,w_2048,c_fit/9b3ecf9b3638df9cb8746425f8edc100dbf3fbf6.jpg",https://libbeyfoodservice.com/product/5327
1009318,"Oktoberfest Mug, .5L",Libbey,Oktoberfest,Cold Mug,mug,22.3,659.5,,,,,11.75,13.40,12 Pieces,,true,"https://images.salsify.com/image/upload/s--PrY9v1SR--/if_w_gt_2048,w_2048,c_fit/c8e777e02f660d54fbefda37ea1937f63a89de2c.jpg",https://libbeyfoodservice.com/product/1009318
5272,Beer Mug Sport Mug,Libbey,Beer Mug,Cold Mug,mug,25.0,739.3,7.13,5.63,181.1,143.0,12.10,13.80,12 Pieces,,true,"https://images.salsify.com/image/upload/s--5aH7AAB_--/if_w_gt_2048,w_2048,c_fit/726a8685842f3452e5e51778d804366717b7a983.jpg",https://libbeyfoodservice.com/product/5272
5262,Gibraltar Super Mug,Libbey,Gibraltar,Cold Mug,mug,34.0,1005.5,8.0,6.0,203.2,152.4,12.95,14.80,12 Pieces,,true,"https://images.salsify.com/image/upload/s--dbPdP4Mv--/if_w_gt_2048,w_2048,c_fit/6114ae1c09296549126b8cb658bf723d3d238c99.jpg",https://libbeyfoodservice.com/product/5262
601329,Speakeasy Nick & Nora,Libbey,Speakeasy,Specialty Cocktail,nick_and_nora,4.75,140.5,6.38,3.0,162.1,76.2,7.50,8.60,12 Pieces,,true,"https://images.salsify.com/image/upload/s--Tib9OxtD--/if_w_gt_2048,w_2048,c_fit/bfb583bd02c06ec18535882fd5cae8a5018ce32c.jpg",https://libbeyfoodservice.com/product/601329
4508006,Perfect Serve Nick & Nora Cocktail Glass,Spiegelau,Perfect Serve,Specialty Cocktail,nick_and_nora,5.0,147.9,6.29,2.83,159.8,71.9,18.80,21.45,12 Pieces,,true,"https://images.salsify.com/image/upload/s--xgmxdgb0--/if_w_gt_2048,w_2048,c_fit/4cd74f3d589aae67d3458977eece6dd236c968b0.jpg",https://libbeyfoodservice.com/product/4508006
9252,Circa Cocktails Nick & Nora,Reserve by Libbey,Circa,Specialty Cocktail,nick_and_nora,5.5,162.7,5.96,2.89,151.4,73.4,7.45,8.55,12 Pieces,,true,"https://images.salsify.com/image/upload/s--b7zijHfP--/if_w_gt_2048,w_2048,c_fit/874765939aa64c02baab55ff37013535699ee5ce.jpg",https://libbeyfoodservice.com/product/9252
9252/AM8Y8J,Renewal Inspire Nick & Nora,Reserve by Libbey,Renewal,Specialty Cocktail,nick_and_nora,5.5,162.7,5.96,2.89,151.4,73.4,17.60,20.10,12 Pieces,,true,"https://images.salsify.com/image/upload/s--AB4p_GbK--/if_w_gt_2048,w_2048,c_fit/a6b6dd61f1380af7985cc0c7a369b8297808d5a8.jpg",https://libbeyfoodservice.com/product/9252-am8y8j
75135C,Bar Accessories 3-Pc Cocktail Shaker Cap Only,Libbey,Bar,Other Cocktail,other_cocktail,,,,1.6,,40.6,2.65,3.00,12 Pieces,,true,"https://images.salsify.com/image/upload/s--nuhxExcU--/if_w_gt_2048,w_2048,c_fit/bc2a2e067252f864cc6f186b5ac2ec60efd360ae.jpg",https://libbeyfoodservice.com/product/75135c
8054,Georgian Irish Coffee,Libbey,Georgian,Other Cocktail,other_cocktail,6.0,177.4,5.75,2.75,146.0,69.8,6.50,7.40,36 Pieces,,true,"https://images.salsify.com/image/upload/s--p98uNqG_--/if_w_gt_2048,w_2048,c_fit/2c182394b0c23339f5b46debbfa845c22abba600.jpg",https://libbeyfoodservice.com/product/8054
75134,Bar Accessories 3-Pc Cocktail Shaker,Libbey,Bar,Other Cocktail,other_cocktail,8.0,236.6,6.08,2.82,154.4,71.6,13.50,15.40,1 Piece,,true,"https://images.salsify.com/image/upload/s--KYiDEh9N--/if_w_gt_2048,w_2048,c_fit/9e96f4f112e1e22b2affd4bf65275a68bde49d2e.jpg",https://libbeyfoodservice.com/product/75134
CMM-200,Metal Beverage Copper Moscow Mule Cup,Libbey,Moscow Mule,Other Cocktail,other_cocktail,12.0,354.9,4.0,4.0,101.6,101.6,21.50,24.60,12 Pieces,,true,"https://images.salsify.com/image/upload/s--X0y3Efqw--/if_w_gt_2048,w_2048,c_fit/baa1e7c63d470e3174f3be385fe20140e310533c.jpg",https://libbeyfoodservice.com/product/cmm-200
CMM-100,Metal Beverage Copper Moscow Mule Mug,Libbey,Moscow Mule,Other Cocktail,other_cocktail,14.0,414.0,3.38,4.25,85.9,107.9,21.40,24.45,12 Pieces,,true,"https://images.salsify.com/image/upload/s--TSJxH8ZC--/if_w_gt_2048,w_2048,c_fit/d822f5999c877f4e8995c9a623a3e9a811f2c622.jpg",https://libbeyfoodservice.com/product/cmm-100
MM-200,Metal Beverage Moscow Hammered Mule Cup,Libbey,Moscow Mule,Other Cocktail,other_cocktail,14.0,414.0,4.0,4.0,101.6,101.6,21.50,24.60,12 Pieces,,true,"https://images.salsify.com/image/upload/s--3RB_R-ym--/if_w_gt_2048,w_2048,c_fit/3bec50008163628087df239a612140da5c0934eb.jpg",https://libbeyfoodservice.com/product/mm-200
MM-100,Metal Beverage Moscow Hammered Mule Mug,Libbey,Moscow Mule,Other Cocktail,other_cocktail,14.0,414.0,3.13,4.25,79.5,107.9,21.40,24.45,12 Pieces,,true,"https://images.salsify.com/image/upload/s--s0cjx5wI--/if_w_gt_2048,w_2048,c_fit/5afe760487cb738673975a7eb1bba75292d1439a.jpg",https://libbeyfoodservice.com/product/mm-100
75135,Bar Accessories 3-Pc Cocktail Shaker,Libbey,Bar,Other Cocktail,other_cocktail,16.0,473.2,7.88,3.19,200.2,81.0,17.10,19.55,1 Piece,,true,"https://images.salsify.com/image/upload/s--c8yzWph_--/if_w_gt_2048,w_2048,c_fit/1b60be2fa78fa6e68c7033f9dcc58dd7f331df03.jpg",https://libbeyfoodservice.com/product/75135
15789,Restaurant Basics Stacking Mixing Glass,Libbey,Restaurant Basics,Beer,pint,14.0,414.0,5.88,3.5,149.4,88.9,4.25,4.85,24 Pieces,,true,"https://images.salsify.com/image/upload/s--bL7ZIMx_--/if_w_gt_2048,w_2048,c_fit/5859057ddfac06a9cf5a20b6852e2a4f4bebe70c.jpg",https://libbeyfoodservice.com/product/15789
1639HT,Restaurant Basics Heat Treated Mixing Glass,Libbey,Restaurant Basics,Beer,pint,16.0,473.2,5.88,3.5,149.4,88.9,3.50,4.00,24 Pieces,,true,"https://images.salsify.com/image/upload/s--Fs2HBpO2--/if_w_gt_2048,w_2048,c_fit/3598b4075dd9352161583a301d1990315b9479fa.jpg",https://libbeyfoodservice.com/product/1639ht
5139,Restaurant Basics Mixing Glass,Libbey,Restaurant Basics,Beer,pint,16.0,473.2,5.88,3.5,149.4,88.9,3.45,3.90,24 Pieces,,true,"https://images.salsify.com/image/upload/s--kojxYyjI--/if_w_gt_2048,w_2048,c_fit/2baac77093d38d22e476f0be02a8be7ceb93a675.jpg",https://libbeyfoodservice.com/product/5139
15790,Restaurant Basics Stacking Mixing Glass,Libbey,Restaurant Basics,Beer,pint,16.0,473.2,5.75,3.5,146.0,88.9,4.50,5.10,24 Pieces,,true,"https://images.salsify.com/image/upload/s--hi5P8SzA--/if_w_gt_2048,w_2048,c_fit/19e205cea357b38c5bc55545c30463f539e0e546.jpg",https://libbeyfoodservice.com/product/15790
15385,Restaurant Basics Tall Mixing Glass,Libbey,Restaurant Basics,Beer,pint,16.0,473.2,6.25,3.38,158.8,85.9,4.30,4.90,24 Pieces,,true,"https://images.salsify.com/image/upload/s--25-gBCVE--/if_w_gt_2048,w_2048,c_fit/6358771da437050a291f15b9313be4322155232d.jpg",https://libbeyfoodservice.com/product/15385
5137,Restaurant Basics Mixing Glass,Libbey,Restaurant Basics,Beer,pint,20.0,591.5,6.38,3.75,162.1,95.2,5.90,6.70,24 Pieces,,true,"https://images.salsify.com/image/upload/s--Q9KuBvyY--/if_w_gt_2048,w_2048,c_fit/b4a0d11fb5f813fd01d12cb84f74b7e2e6b38967.jpg",https://libbeyfoodservice.com/product/5137
15791,Restaurant Basics Stacking Mixing Glass,Libbey,Restaurant Basics,Beer,pint,20.0,591.5,6.88,3.63,174.8,92.2,5.05,5.75,24 Pieces,,true,"https://images.salsify.com/image/upload/s--DKMgG47e--/if_w_gt_2048,w_2048,c_fit/0f8c22f6d8ba5afd8b265eed77abfd6397cb7932.jpg",https://libbeyfoodservice.com/product/15791
15792,Restaurant Basics Stacking Mixing Glass,Libbey,Restaurant Basics,Beer,pint,22.0,650.6,7.0,3.75,177.8,95.2,5.15,5.85,24 Pieces,,true,"https://images.salsify.com/image/upload/s--cjJjIS56--/if_w_gt_2048,w_2048,c_fit/17e83b960be88b11d75cd3585e6325e1a1527741.jpg",https://libbeyfoodservice.com/product/15792
5131,Miscellaneous Tumblers Old Fashioned,Libbey,Miscellaneous Tumbler,Dof/Rocks Tumbler,rocks,4.0,118.3,3.13,2.88,79.5,73.2,3.10,3.50,48 Pieces,,true,"https://images.salsify.com/image/upload/s--3hsFalny--/if_w_gt_2048,w_2048,c_fit/9173a4ad7c4e35d9f9562ccf13048195611e4677.jpg",https://libbeyfoodservice.com/product/5131
15248,Gibraltar Rocks,Libbey,Gibraltar,Dof/Rocks Tumbler,rocks,4.5,133.1,3.13,3.0,79.5,76.2,2.90,3.30,36 Pieces,,true,"https://images.salsify.com/image/upload/s--7fv7nSVJ--/if_w_gt_2048,w_2048,c_fit/336fb6814ffe078ec5f3fe1a856f65466946d55d.jpg",https://libbeyfoodservice.com/product/15248
11126021,Series V Series V140 Tall Rocks,Libbey,Series V,Dof/Rocks Tumbler,rocks,4.75,140.5,4.38,2.63,111.3,66.8,5.00,5.75,12 Pieces,,true,"https://images.salsify.com/image/upload/s--BYjWTtCc--/if_w_gt_2048,w_2048,c_fit/e7209e4d5c68258b7e0b933b710caed554e07556.jpg",https://libbeyfoodservice.com/product/11126021
5130,Miscellaneous Tumblers Old Fashioned,Libbey,Miscellaneous Tumbler,Dof/Rocks Tumbler,rocks,5.0,147.9,3.13,2.88,79.5,73.2,2.55,2.90,36 Pieces,,true,"https://images.salsify.com/image/upload/s--HuntLfR7--/if_w_gt_2048,w_2048,c_fit/ac748526e339042aca314254a67ef1203bac4ab8.jpg",https://libbeyfoodservice.com/product/5130
9032,Modernist Rocks Glass,Reserve by Libbey,Modernist,Dof/Rocks Tumbler,rocks,5.0,147.9,2.92,2.6,74.2,66.0,6.40,7.30,24 Pieces,,true,"https://images.salsify.com/image/upload/s--rntzrW3F--/if_w_gt_2048,w_2048,c_fit/282fb54020c187a023ff8fbaffb16b08965c1959.jpg",https://libbeyfoodservice.com/product/9032
3746,Embassy Footed Rocks,Libbey,Embassy,Dof/Rocks Tumbler,rocks,5.5,162.7,4.13,3.13,104.9,79.5,5.95,6.80,24 Pieces,,true,"https://images.salsify.com/image/upload/s--F3z7UMwK--/if_w_gt_2048,w_2048,c_fit/7db238721b58d93a5131c1c6a582b215859fd275.jpg",https://libbeyfoodservice.com/product/3746
15249,Gibraltar Rocks,Libbey,Gibraltar,Dof/Rocks Tumbler,rocks,5.5,162.7,3.13,3.0,79.5,76.2,2.55,2.90,36 Pieces,,true,"https://images.salsify.com/image/upload/s--kXS7xgb_--/if_w_gt_2048,w_2048,c_fit/f3dfef3e3244822d6230c89bfc6c043832632e9f.jpg",https://libbeyfoodservice.com/product/15249
124,Heavy Base Old Fashioned,Libbey,Heavy Base,Dof/Rocks Tumbler,rocks,5.5,162.7,2.88,2.88,73.2,73.2,2.55,2.90,72 Pieces,,true,"https://images.salsify.com/image/upload/s--wOkib5hS--/if_w_gt_2048,w_2048,c_fit/fd6c65fa40b609b093a832fb4a98b1ec6108fe62.jpg",https://libbeyfoodservice.com/product/124
15453,Winchester Rocks,Libbey,Winchester,Dof/Rocks Tumbler,rocks,5.5,162.7,3.13,2.88,79.5,73.2,4.35,4.95,36 Pieces,,true,"https://images.salsify.com/image/upload/s--ztNHZYKl--/if_w_gt_2048,w_2048,c_fit/d9fb170f2f4fd98d2e6b55529b3f47b3b8627add.jpg",https://libbeyfoodservice.com/product/15453
15807,Elan Duratuff Rocks,Libbey,Elan,Dof/Rocks Tumbler,rocks,7.0,207.0,3.63,3.25,92.2,82.5,4.60,5.30,12 Pieces,,true,"https://images.salsify.com/image/upload/s--x67PXhRL--/if_w_gt_2048,w_2048,c_fit/7d6b4919e3c2a1294f4f75514d093863ba17e742.jpg",https://libbeyfoodservice.com/product/15807
1514,Embassy Rocks,Libbey,Embassy,Dof/Rocks Tumbler,rocks,7.0,207.0,2.88,3.0,73.2,76.2,4.40,5.00,36 Pieces,,true,"https://images.salsify.com/image/upload/s--urJDbRzw--/if_w_gt_2048,w_2048,c_fit/88dd14ade60cf112dddcfd44591dcd3a45834df3.jpg",https://libbeyfoodservice.com/product/1514
15709,Endeavor Rocks,Libbey,Endeavor,Dof/Rocks Tumbler,rocks,7.0,207.0,3.63,3.25,92.2,82.5,4.75,5.40,12 Pieces,,true,"https://images.salsify.com/image/upload/s--E9YMjlfw--/if_w_gt_2048,w_2048,c_fit/6bbbd1a041c4d7c21905a3a6c5e87b3cf62dbbf2.jpg",https://libbeyfoodservice.com/product/15709
15432,Everest Rocks,Libbey,Everest,Dof/Rocks Tumbler,rocks,7.0,207.0,3.13,3.0,79.5,76.2,4.70,5.40,36 Pieces,,true,"https://images.salsify.com/image/upload/s--ea5Ym2bH--/if_w_gt_2048,w_2048,c_fit/7ae99a9aebdfa583bc5df0f88cf4eddd1516f580.jpg",https://libbeyfoodservice.com/product/15432
15241,Gibraltar Rocks,Libbey,Gibraltar,Dof/Rocks Tumbler,rocks,7.0,207.0,3.25,3.13,82.5,79.5,3.35,3.80,36 Pieces,,true,"https://images.salsify.com/image/upload/s--eEkJ0tbg--/if_w_gt_2048,w_2048,c_fit/ce8da2978177b890d8e1c3d991377967d5f838d8.jpg",https://libbeyfoodservice.com/product/15241
15661,Gibraltar Stackable Rocks,Libbey,Stacking Gibraltar,Dof/Rocks Tumbler,rocks,7.0,207.0,3.06,3.06,77.7,77.7,4.50,5.15,36 Pieces,,true,"https://images.salsify.com/image/upload/s--TaYfT1T8--/if_w_gt_2048,w_2048,c_fit/b38b32a72691c14b5dc288ef4732cc609d7f8fdf.jpg",https://libbeyfoodservice.com/product/15661
15245,Gibraltar Tall Rocks,Libbey,Gibraltar,Dof/Rocks Tumbler,rocks,7.0,207.0,3.38,3.25,85.9,82.5,3.90,4.45,36 Pieces,,true,"https://images.salsify.com/image/upload/s--ashJZ42I--/if_w_gt_2048,w_2048,c_fit/79e1307d774fb41ba8bf4e7747d3b5885cd094d1.jpg",https://libbeyfoodservice.com/product/15245
92428,Infinium Wake Stacking Rocks,Libbey,Infinium Wake,Dof/Rocks Tumbler,rocks,7.0,207.0,3.15,2.96,80.0,75.2,7.25,8.30,12 Pieces,,true,"https://images.salsify.com/image/upload/s--iWq2mrSJ--/if_w_gt_2048,w_2048,c_fit/96079ec57dd1f9c790116b75cddc43262778ad93.jpg",https://libbeyfoodservice.com/product/92428
15480,Inverness Rocks,Libbey,Inverness,Dof/Rocks Tumbler,rocks,7.0,207.0,3.25,3.13,82.5,79.5,4.65,5.35,24 Pieces,,true,"https://images.salsify.com/image/upload/s--BzOveXV9--/if_w_gt_2048,w_2048,c_fit/28ba74bcb9da8d4d3980404ee74d39fbf0717248.jpg",https://libbeyfoodservice.com/product/15480
9033,Modernist Rocks,Reserve by Libbey,Modernist,Dof/Rocks Tumbler,rocks,7.0,207.0,3.38,2.88,85.9,73.2,6.55,7.45,24 Pieces,,true,"https://images.salsify.com/image/upload/s--xqqomMcy--/if_w_gt_2048,w_2048,c_fit/84d5d9d45817866c6ab4f6ea4a04ea5e1219c5ac.jpg",https://libbeyfoodservice.com/product/9033
3282VCP22,Cidra Rocks,Libbey,Cidra,Dof/Rocks Tumbler,rocks,7.75,229.2,2.4,3.2,61.0,81.3,3.10,3.50,12 Pieces,,true,"https://images.salsify.com/image/upload/s--lVtn5gmC--/if_w_gt_2048,w_2048,c_fit/851e795a8401513e06d0e499863cf0117ce71bf3.jpg",https://libbeyfoodservice.com/product/3282vcp22
2328,Lexington Old Fashioned,Libbey,Lexington,Dof/Rocks Tumbler,rocks,7.75,229.2,3.5,2.88,88.9,73.2,3.35,3.80,36 Pieces,,true,"https://images.salsify.com/image/upload/s--5bra4RcI--/if_w_gt_2048,w_2048,c_fit/b7d774b18937a83d25cd44842e70f349ca95d2e3.jpg",https://libbeyfoodservice.com/product/2328
23286,Nob Hill Old Fashioned,Libbey,Nob Hill,Dof/Rocks Tumbler,rocks,7.75,229.2,3.5,2.88,88.9,73.2,3.45,3.95,48 Pieces,,true,"https://images.salsify.com/image/upload/s--wAjd6mDX--/if_w_gt_2048,w_2048,c_fit/a0740c1f6cb24192300fb9f242bcbb5cba609b95.jpg",https://libbeyfoodservice.com/product/23286
1009461,Dahlia Rocks,Libbey,Dahlia,Dof/Rocks Tumbler,rocks,8.0,236.6,3.33,3.46,84.6,87.9,5.05,5.80,12 Pieces,,true,"https://images.salsify.com/image/upload/s--ISr_9Zhk--/if_w_gt_2048,w_2048,c_fit/f88f15af50d486f6616b41e2420d97425f05c663.jpg",https://libbeyfoodservice.com/product/1009461
15869,Endeavor Rocks,Libbey,Endeavor,Dof/Rocks Tumbler,rocks,8.0,236.6,3.74,3.38,95.0,85.9,4.00,4.55,12 Pieces,,true,"https://images.salsify.com/image/upload/s--UdzTDjP8--/if_w_gt_2048,w_2048,c_fit/885bb13e37432a429f380f5c5fcc1b6a9796b073.jpg",https://libbeyfoodservice.com/product/15869
15433,Everest Rocks,Libbey,Everest,Dof/Rocks Tumbler,rocks,8.0,236.6,3.13,3.13,79.5,79.5,5.25,6.00,36 Pieces,,true,"https://images.salsify.com/image/upload/s--zrPJW3Qi--/if_w_gt_2048,w_2048,c_fit/932dba3bd13cc31eba38a0185db6ad61bba7d5eb.jpg",https://libbeyfoodservice.com/product/15433
15240,Gibraltar Rocks,Libbey,Gibraltar,Dof/Rocks Tumbler,rocks,8.0,236.6,3.63,3.38,92.2,85.9,3.60,4.10,36 Pieces,,true,"https://images.salsify.com/image/upload/s--1F8NXFRD--/if_w_gt_2048,w_2048,c_fit/2984fa9f42ee26f1cd7769fd5ed106e958ef89ac.jpg",https://libbeyfoodservice.com/product/15240
916CD,Heavy Base Rocks,Libbey,Heavy Base,Dof/Rocks Tumbler,rocks,8.0,236.6,3.25,3.0,82.5,76.2,3.40,3.85,36 Pieces,,true,"https://images.salsify.com/image/upload/s--a8XnbrXe--/if_w_gt_2048,w_2048,c_fit/3b1a01fc285c02c658214ca8517023b009a981e4.jpg",https://libbeyfoodservice.com/product/916cd
1767580,Impressions Old Fashioned,Libbey,Impressions,Dof/Rocks Tumbler,rocks,8.0,236.6,3.25,3.13,82.5,79.5,6.15,7.00,12 Pieces,,true,"https://images.salsify.com/image/upload/s--0iHNRKys--/if_w_gt_2048,w_2048,c_fit/0ba8d399a994d94947d21fe889af0b7c3f517f5f.jpg",https://libbeyfoodservice.com/product/1767580
92402,Infinium Classic Stacking Rocks,Libbey,Infinium,Dof/Rocks Tumbler,rocks,8.0,236.6,3.5,3.13,88.9,79.5,7.45,8.50,12 Pieces,,true,"https://images.salsify.com/image/upload/s--q5WpQkVE--/if_w_gt_2048,w_2048,c_fit/36392acb705647f5c3048169c8cef1604d8991a0.jpg",https://libbeyfoodservice.com/product/92402
135,Miscellaneous Tumblers Room Tumbler,Libbey,Heavy Base,Dof/Rocks Tumbler,rocks,8.0,236.6,3.63,2.75,92.2,69.8,2.60,2.95,48 Pieces,,true,"https://images.salsify.com/image/upload/s--ru1TOXwf--/if_w_gt_2048,w_2048,c_fit/e31ee36cc0fe7611c9e471e832d27523e3bd3e8c.jpg",https://libbeyfoodservice.com/product/135
1009419,"Newton Rocks Glass, 8-Ounce",Libbey,Newton,Dof/Rocks Tumbler,rocks,8.0,236.6,3.11,3.01,79.0,76.5,4.55,5.15,12 Pieces,,true,"https://images.salsify.com/image/upload/s--om6rnwh3--/if_w_gt_2048,w_2048,c_fit/168fd3de44a5e44e5958f0966098e2ab9548d1b1.jpg",https://libbeyfoodservice.com/product/1009419
1009455,Ocular Rocks,Libbey,Ocular,Dof/Rocks Tumbler,rocks,8.0,236.6,3.39,3.13,86.1,79.5,5.05,5.75,12 Pieces,,true,"https://images.salsify.com/image/upload/s--ZlMLvjpU--/if_w_gt_2048,w_2048,c_fit/ee2bafb911c1e029784de320b02a2d72c3c3077e.jpg",https://libbeyfoodservice.com/product/1009455
9196,Reserve By Libbey Bourbon Tasting Glass,Reserve by Libbey,Kentucky Bourbon Trail,Dof/Rocks Tumbler,rocks,8.0,236.6,3.8,3.0,96.5,76.2,7.90,9.05,12 Pieces,,true,"https://images.salsify.com/image/upload/s--c4hGBXx9--/if_w_gt_2048,w_2048,c_fit/3067fc0b9b8ce2cb1a0c57e364f50b1ceade2ffa.jpg",https://libbeyfoodservice.com/product/9196
15454,Winchester Rocks,Libbey,Winchester,Dof/Rocks Tumbler,rocks,8.0,236.6,3.38,3.13,85.9,79.5,5.00,5.70,36 Pieces,,true,"https://images.salsify.com/image/upload/s--YnkJuXP1--/if_w_gt_2048,w_2048,c_fit/bc56b41c855cba951bc02be9e7926f3628b48c71.jpg",https://libbeyfoodservice.com/product/15454
2718015,Lounge 2.0 Rocks,Spiegelau,Lounge 2.0,Dof/Rocks Tumbler,rocks,8.25,244.0,,,,,15.80,18.05,12 Pieces,,true,"https://images.salsify.com/image/upload/s--1zRZzepu--/if_w_gt_2048,w_2048,c_fit/e4f89f8bb90f5fff1f3e578b503ce862d585a5d3.jpg",https://libbeyfoodservice.com/product/2718015
N98856,Noblesse Rocks,Nachtmann,Noblesse,Dof/Rocks Tumbler,rocks,8.25,244.0,3.31,3.15,84.1,80.0,14.10,16.15,12 Pieces,,true,"https://images.salsify.com/image/upload/s--HYPLgQ7N--/if_w_gt_2048,w_2048,c_fit/3d5740488c28be5d9e34795b94fb0d630ce47e15.jpg",https://libbeyfoodservice.com/product/n98856
6758B12,Blue Ribbon Impressions Rocks,Libbey,Impressions,Dof/Rocks Tumbler,rocks,8.5,251.4,3.25,3.13,82.5,79.5,7.35,8.40,12 Pieces,,true,"https://images.salsify.com/image/upload/s--zuTvJewx--/if_w_gt_2048,w_2048,c_fit/d02d8fe67379a85796d9a174a463fb4ab9a46a3d.jpg",https://libbeyfoodservice.com/product/6758b12
15626,Miscellaneous Tumblers Rocks,Libbey,Miscellaneous Tumbler,Dof/Rocks Tumbler,rocks,8.5,251.4,3.63,3.0,92.2,76.2,5.50,6.30,36 Pieces,,true,"https://images.salsify.com/image/upload/s--6MDZ7A-N--/if_w_gt_2048,w_2048,c_fit/232917f55344830749a2bb72f6492e0d403a3a9a.jpg",https://libbeyfoodservice.com/product/15626
11058021,Series V Series V250 Rocks,Libbey,Series V,Dof/Rocks Tumbler,rocks,8.5,251.4,4.13,3.63,104.9,92.2,4.90,5.60,12 Pieces,,true,"https://images.salsify.com/image/upload/s--rfm79du9--/if_w_gt_2048,w_2048,c_fit/3f052d496c0f23504a6fd0c9d8b96c1bf184b587.jpg",https://libbeyfoodservice.com/product/11058021
2043,Traverse Rocks,Libbey,Traverse,Dof/Rocks Tumbler,rocks,8.5,251.4,3.5,3.45,88.9,87.6,3.95,4.50,12 Pieces,,true,"https://images.salsify.com/image/upload/s--YDm1zlb6--/if_w_gt_2048,w_2048,c_fit/9a8ee138839c3a80b011bc4ec8f84a481fec513a.jpg",https://libbeyfoodservice.com/product/2043
15969,Gallery Rocks,Libbey,Gallery,Dof/Rocks Tumbler,rocks,8.75,258.8,3.84,3.5,97.5,88.9,5.25,6.00,12 Pieces,,true,"https://images.salsify.com/image/upload/s--e7UA59eC--/if_w_gt_2048,w_2048,c_fit/6a503dad5c256eaa2e9e29e730c05a4ace24a1e5.jpg",https://libbeyfoodservice.com/product/15969
15809,Elan Duratuff Rocks,Libbey,Elan,Dof/Rocks Tumbler,rocks,9.0,266.2,3.88,3.5,98.6,88.9,4.85,5.55,12 Pieces,,true,"https://images.salsify.com/image/upload/s--mF0M36g8--/if_w_gt_2048,w_2048,c_fit/93e3000031719f89a99c5a9ad7ff18fdaa990af8.jpg",https://libbeyfoodservice.com/product/15809
15710,Endeavor Rocks,Libbey,Endeavor,Dof/Rocks Tumbler,rocks,9.0,266.2,3.88,3.5,98.6,88.9,4.90,5.60,12 Pieces,,true,"https://images.salsify.com/image/upload/s--xvHH3bAk--/if_w_gt_2048,w_2048,c_fit/71ec270d74facf9ddd8f57f2e0821ec133805414.jpg",https://libbeyfoodservice.com/product/15710
15434,Everest Rocks,Libbey,Everest,Dof/Rocks Tumbler,rocks,9.0,266.2,3.38,3.38,85.9,85.9,5.20,5.90,36 Pieces,,true,"https://images.salsify.com/image/upload/s--pDs7d-gd--/if_w_gt_2048,w_2048,c_fit/00d79e41912e805c7b55a359a9abec59cde653af.jpg",https://libbeyfoodservice.com/product/15434
15242,Gibraltar Rocks,Libbey,Gibraltar,Dof/Rocks Tumbler,rocks,9.0,266.2,3.63,3.38,92.2,85.9,3.60,4.10,36 Pieces,,true,"https://images.salsify.com/image/upload/s--tfpVRTXu--/if_w_gt_2048,w_2048,c_fit/41215ab9986b0215245cac7fcb37075ea6a27d2f.jpg",https://libbeyfoodservice.com/product/15242
15659,Gibraltar Stackable Rocks,Libbey,Stacking Gibraltar,Dof/Rocks Tumbler,rocks,9.0,266.2,3.38,3.25,85.9,82.5,4.90,5.60,36 Pieces,,true,"https://images.salsify.com/image/upload/s--tAsKm6za--/if_w_gt_2048,w_2048,c_fit/cb02a36076ba450d71b08671fa1425e845b738b5.jpg",https://libbeyfoodservice.com/product/15659
15231,Gibraltar Tall Rocks,Libbey,Gibraltar,Dof/Rocks Tumbler,rocks,9.0,266.2,3.88,3.5,98.6,88.9,4.10,4.70,36 Pieces,,true,"https://images.salsify.com/image/upload/s--ecW3PBkl--/if_w_gt_2048,w_2048,c_fit/b74ab9594d775c369a9f6f4cba010f995a7520fd.jpg",https://libbeyfoodservice.com/product/15231
128,Heavy Base Old Fashioned,Libbey,Heavy Base,Dof/Rocks Tumbler,rocks,9.0,266.2,3.25,3.38,82.5,85.9,3.00,3.45,36 Pieces,,true,"https://images.salsify.com/image/upload/s--tDXawjRv--/if_w_gt_2048,w_2048,c_fit/38eb8788ffc874b85f292d74bd7c8a137dc6b967.jpg",https://libbeyfoodservice.com/product/128
15481,Inverness Rocks,Libbey,Inverness,Dof/Rocks Tumbler,rocks,9.0,266.2,3.5,3.38,88.9,85.9,5.00,5.70,36 Pieces,,true,"https://images.salsify.com/image/upload/s--Uux1xVfI--/if_w_gt_2048,w_2048,c_fit/e4d593e1946adc8e46a9a7e4eda6b57a8fbd4d1f.jpg",https://libbeyfoodservice.com/product/15481
9034,Modernist Rocks,Reserve by Libbey,Modernist,Dof/Rocks Tumbler,rocks,9.0,266.2,3.75,3.13,95.2,79.5,6.60,7.55,24 Pieces,,true,"https://images.salsify.com/image/upload/s--Sblr4Iqz--/if_w_gt_2048,w_2048,c_fit/297c8b2819531ae70db3449a343867403e0018b7.jpg",https://libbeyfoodservice.com/product/9034
5279,Prism Rocks,Libbey,Prism,Dof/Rocks Tumbler,rocks,9.0,266.2,3.5,3.0,88.9,76.2,8.75,10.00,36 Pieces,,true,"https://images.salsify.com/image/upload/s--xfUYIX-9--/if_w_gt_2048,w_2048,c_fit/848966b7c3ecb3c9f766fee78481208cabd01626.jpg",https://libbeyfoodservice.com/product/5279
9022/69474,Renewal Chisel Rocks,Reserve by Libbey,Renewal,Dof/Rocks Tumbler,rocks,9.0,266.2,3.5,3.25,88.9,82.5,15.55,17.75,12 Pieces,,true,"https://images.salsify.com/image/upload/s--7SCcJxTV--/if_w_gt_2048,w_2048,c_fit/8e5aa43fdeff653655cf7112d9fd17dcba9c1be7.jpg",https://libbeyfoodservice.com/product/9022-69474
9034/69477,Renewal Crosshatch Rocks,Reserve by Libbey,Renewal,Dof/Rocks Tumbler,rocks,9.0,266.2,3.75,3.13,95.2,79.5,17.75,20.25,24 Pieces,,true,"https://images.salsify.com/image/upload/s--YeWuSpfP--/if_w_gt_2048,w_2048,c_fit/fe6d9a72c95be8ab71d109897a8340a2cb042e07.jpg",https://libbeyfoodservice.com/product/9034-69477
15766,Restaurant Basics Stacking Rocks,Libbey,Restaurant Basics,Dof/Rocks Tumbler,rocks,9.0,266.2,3.5,3.25,88.9,82.5,4.35,4.95,24 Pieces,,true,"https://images.salsify.com/image/upload/s--PH4L3VI8--/if_w_gt_2048,w_2048,c_fit/3b5c60433ecde4c762839c0509ea456e215964cc.jpg",https://libbeyfoodservice.com/product/15766
1009130,Structure Stackable Rocks,Libbey,Structure,Dof/Rocks Tumbler,rocks,9.0,266.2,,,,,3.50,4.00,12 Pieces,,true,"https://images.salsify.com/image/upload/s--BG1s52Az--/if_w_gt_2048,w_2048,c_fit/8cc3061bfd98c8c9a1c0dcf6eed8da4be8e15119.jpg",https://libbeyfoodservice.com/product/1009130
9022,Symmetry Rocks,Reserve by Libbey,Symmetry,Dof/Rocks Tumbler,rocks,9.0,266.2,3.5,3.25,88.9,82.5,6.90,7.90,12 Pieces,,true,"https://images.salsify.com/image/upload/s--jQRwcgSd--/if_w_gt_2048,w_2048,c_fit/8366291c4031b6f3d551733c8e0a6781890cecd1.jpg",https://libbeyfoodservice.com/product/9022
4508017,Perfect Serve Old Fashioned,Spiegelau,Perfect Serve,Dof/Rocks Tumbler,rocks,9.25,273.6,3.19,3.23,81.0,82.0,12.90,14.75,12 Pieces,,true,"https://images.salsify.com/image/upload/s--1OM53Wec--/if_w_gt_2048,w_2048,c_fit/101b6cdac12c33c979e6001bcfc5d3c3aceaefe1.jpg",https://libbeyfoodservice.com/product/4508017
2207,Quartet Rocks,Libbey,Quartet,Dof/Rocks Tumbler,rocks,9.25,273.6,3.5,3.25,88.9,82.5,4.75,5.40,12 Pieces,,true,"https://images.salsify.com/image/upload/s--walgKqtP--/if_w_gt_2048,w_2048,c_fit/0bc1dc531e90249ea5c634c524504d62595ed309.jpg",https://libbeyfoodservice.com/product/2207
11006721,Pisa Rocks,Libbey,Pisa,Dof/Rocks Tumbler,rocks,9.5,280.9,3.5,3.75,88.9,95.2,5.70,6.50,12 Pieces,,true,"https://images.salsify.com/image/upload/s--WfA4EeqA--/if_w_gt_2048,w_2048,c_fit/5d2cd968ed61415bc468962c46b24012e5da3e27.jpg",https://libbeyfoodservice.com/product/11006721
2660115,Club Whiskey,Spiegelau,Club,Dof/Rocks Tumbler,rocks,9.75,288.3,3.63,3.0,92.2,76.2,14.30,16.30,12 Pieces,,true,"https://images.salsify.com/image/upload/s--fKcmH5xi--/if_w_gt_2048,w_2048,c_fit/6aba90b826217eae2ee5bf9aa6af20a9d0fb7cfc.jpg",https://libbeyfoodservice.com/product/2660115
12018,Orbital Rocks,Libbey,Orbital,Dof/Rocks Tumbler,rocks,10.0,295.7,3.38,3.3,85.9,83.8,3.85,4.40,12 Pieces,,true,"https://images.salsify.com/image/upload/s--MCc5Ujiz--/if_w_gt_2048,w_2048,c_fit/99fbe977b64fd405b231309d35a403d358f0e044.jpg",https://libbeyfoodservice.com/product/12018
92313,Aruba Rocks,Libbey,Aruba,Dof/Rocks Tumbler,rocks,10.0,295.7,3.75,3.13,95.2,79.5,11.05,12.60,12 Pieces,,true,"https://images.salsify.com/image/upload/s--hSlmvBEi--/if_w_gt_2048,w_2048,c_fit/b1a5f873c2f12a7c3d1081db67827cb8f35d9b88.jpg",https://libbeyfoodservice.com/product/92313
2485,Chivalry Rocks,Libbey,Chivalry,Dof/Rocks Tumbler,rocks,10.0,295.7,3.38,3.38,85.9,85.9,3.65,4.15,36 Pieces,,true,"https://images.salsify.com/image/upload/s--L6QHE2gL--/if_w_gt_2048,w_2048,c_fit/d989700eff47543b1bd84265ed80f6c9c36d1895.jpg",https://libbeyfoodservice.com/product/2485
1009460,Dahlia Old Fashioned,Libbey,Dahlia,Dof/Rocks Tumbler,rocks,10.0,295.7,3.64,3.54,92.5,89.9,5.35,6.10,12 Pieces,,true,"https://images.salsify.com/image/upload/s--D5QUA2O1--/if_w_gt_2048,w_2048,c_fit/bf24a3eedaec887650f3ce631e0d4662057e9b7e.jpg",https://libbeyfoodservice.com/product/1009460
15232,Gibraltar Rocks,Libbey,Gibraltar,Dof/Rocks Tumbler,rocks,10.0,295.7,3.71,3.47,94.2,88.1,4.10,4.70,36 Pieces,,true,"https://images.salsify.com/image/upload/s--M7Q5dYl2--/if_w_gt_2048,w_2048,c_fit/6046dbd1ef37d4546994e2dcef0df0315837d99b.jpg",https://libbeyfoodservice.com/product/15232
113073,Infinium Alto Rocks,Libbey,Infinium Alto,Dof/Rocks Tumbler,rocks,10.0,295.7,,,,,9.30,10.60,12 Pieces,,true,"https://images.salsify.com/image/upload/s--_E9SM671--/if_w_gt_2048,w_2048,c_fit/1a3b95da0518155d040ed66a17ee26558380b556.jpg",https://libbeyfoodservice.com/product/113073
92403,Infinium Classic Stacking Rocks,Libbey,Infinium,Dof/Rocks Tumbler,rocks,10.0,295.7,3.75,3.38,95.2,85.9,7.45,8.50,12 Pieces,,true,"https://images.salsify.com/image/upload/s--mldbJgQo--/if_w_gt_2048,w_2048,c_fit/880d984d489089b88b2c5973350485fa71885745.jpg",https://libbeyfoodservice.com/product/92403
92441,Infinium Torque Stacking Rocks,Libbey,Torque,Dof/Rocks Tumbler,rocks,10.0,295.7,3.63,3.5,92.2,88.9,8.20,9.40,12 Pieces,,true,"https://images.salsify.com/image/upload/s--v01zC3dg--/if_w_gt_2048,w_2048,c_fit/877a668885416c302a5d139630cb1af39c9874d5.jpg",https://libbeyfoodservice.com/product/92441
92429,Infinium Wake Stacking Double Old Fashioned,Libbey,Infinium Wake,Dof/Rocks Tumbler,rocks,10.0,295.7,3.59,3.35,91.2,85.1,7.30,8.35,12 Pieces,,true,"https://images.salsify.com/image/upload/s--m6LEf_oJ--/if_w_gt_2048,w_2048,c_fit/228b0e63af21b40404cdde65f6402279b1afc1fa.jpg",https://libbeyfoodservice.com/product/92429
109302,"Infinium Wake Stacking Rocks Glass, Tidal Blue",Libbey,Infinium Wake,Dof/Rocks Tumbler,rocks,10.0,295.7,3.5,3.38,88.9,85.9,8.35,9.50,12 Pieces,,true,"https://images.salsify.com/image/upload/s--4yiL5Hnh--/if_w_gt_2048,w_2048,c_fit/151ce6d398e73736abcd0c28d76404fe4413a961.jpg",https://libbeyfoodservice.com/product/109302
1009739,"Marcela Old Fashioned Glass, 10 Oz.",Libbey,Marcela,Dof/Rocks Tumbler,rocks,10.0,295.7,3.5,3.19,88.9,81.0,6.05,6.90,12 Pieces,,false,"https://images.salsify.com/image/upload/s--jscgOjgo--/if_w_gt_2048,w_2048,c_fit/rqgplerjmn1kljphjyr9.jpg",https://libbeyfoodservice.com/product/1009739
494,Miscellaneous Tumblers Room Tumbler,Libbey,Room Tumbler,Dof/Rocks Tumbler,rocks,10.0,295.7,3.38,3.13,85.9,79.5,3.50,4.00,12 Pieces,,true,"https://images.salsify.com/image/upload/s--hfqaHLDd--/if_w_gt_2048,w_2048,c_fit/1cfc955a320e8f21b755ce6de4a867e86711fa09.jpg",https://libbeyfoodservice.com/product/494
12037,Newton Rocks,Libbey,Newton,Dof/Rocks Tumbler,rocks,10.0,295.7,3.41,3.25,86.6,82.5,4.80,5.50,12 Pieces,,true,"https://images.salsify.com/image/upload/s--4nDHxBzM--/if_w_gt_2048,w_2048,c_fit/a6ad9d2cc97a26568a5867a5c59c6a8acecb1874.jpg",https://libbeyfoodservice.com/product/12037
N104245,"Noblesse Color Whiskey, Smoke",Nachtmann,Noblesse,Dof/Rocks Tumbler,rocks,10.0,295.7,4.0,3.22,101.6,81.8,20.60,23.55,6 Pieces,,true,"https://images.salsify.com/image/upload/s--BONvvWyA--/if_w_gt_2048,w_2048,c_fit/2372c615b092667e9ce758482be941123ab8607d.jpg",https://libbeyfoodservice.com/product/n104245
N104242,"Noblesse Color Whiskey, Taupe",Nachtmann,Noblesse,Dof/Rocks Tumbler,rocks,10.0,295.7,4.0,3.22,101.6,81.8,20.60,23.55,6 Pieces,,true,"https://images.salsify.com/image/upload/s--Gp1AfV-T--/if_w_gt_2048,w_2048,c_fit/5a5c8410b0e3b18c26718e9fbff2374dfb9e1a6c.jpg",https://libbeyfoodservice.com/product/n104242
N91710,Noblesse Whiskey,Nachtmann,Noblesse,Dof/Rocks Tumbler,rocks,10.0,295.7,4.0,3.25,101.6,82.5,14.15,16.20,12 Pieces,,true,"https://images.salsify.com/image/upload/s--IU80keQf--/if_w_gt_2048,w_2048,c_fit/4cf0c93b73898213b51dce1675230c1c274786c4.jpg",https://libbeyfoodservice.com/product/n91710
1009454,Ocular Old Fashioned,Libbey,Ocular,Dof/Rocks Tumbler,rocks,10.0,295.7,3.7,3.33,94.0,84.6,5.25,6.00,12 Pieces,,true,"https://images.salsify.com/image/upload/s--QCIDIGUp--/if_w_gt_2048,w_2048,c_fit/50e43c2e821ed6e9a8a6f9ba581a90c21070620b.jpg",https://libbeyfoodservice.com/product/1009454
15962,Optiva Rocks,Libbey,Optiva,Dof/Rocks Tumbler,rocks,10.0,295.7,3.75,3.38,95.2,85.9,5.25,6.00,12 Pieces,,true,"https://images.salsify.com/image/upload/s--XZDT6Pyr--/if_w_gt_2048,w_2048,c_fit/3a81c732e449fc1de81254f6050fe99a5190d471.jpg",https://libbeyfoodservice.com/product/15962
9181,"Radius Rocks Glass, 10-Ounce",Reserve by Libbey,Radius,Dof/Rocks Tumbler,rocks,10.0,295.7,3.23,3.3,82.0,83.8,7.00,8.00,12 Pieces,,false,"https://images.salsify.com/image/upload/s--1sG9Tmvm--/if_w_gt_2048,w_2048,c_fit/99795ee1f0cb7cbde6a60441ea531495f5983de9.jpg",https://libbeyfoodservice.com/product/9181
2313,Vibe Rocks,Libbey,Vibe,Dof/Rocks Tumbler,rocks,10.0,295.7,4.0,2.75,101.6,69.8,4.90,5.60,12 Pieces,,true,"https://images.salsify.com/image/upload/s--Tx2OEcYC--/if_w_gt_2048,w_2048,c_fit/676d0e69056bd8aea96f95f28a4bce10938a0df9.jpg",https://libbeyfoodservice.com/product/2313
1009736,"Whitney Old Fashioned Glass, 10 Oz.",Libbey,Whitney,Dof/Rocks Tumbler,rocks,10.0,295.7,3.5,3.19,88.9,81.0,6.05,6.90,12 Pieces,,false,"https://images.salsify.com/image/upload/s--60EGMSXb--/if_w_gt_2048,w_2048,c_fit/fyqihf7umy6wozqhfytx.jpg",https://libbeyfoodservice.com/product/1009736
15457,Winchester Rocks,Libbey,Winchester,Dof/Rocks Tumbler,rocks,10.0,295.7,3.63,3.38,92.2,85.9,5.65,6.45,36 Pieces,,true,"https://images.salsify.com/image/upload/s--Od_HwQ7E--/if_w_gt_2048,w_2048,c_fit/38bde5d0da2b0a9a10e6d9797a575effc4575d57.jpg",https://libbeyfoodservice.com/product/15457
N105388,"Ethno Tumbler, 10.25 Oz., Mint",Nachtmann,Ethno Color,Dof/Rocks Tumbler,rocks,10.25,303.1,3.9,3.23,99.1,82.0,20.55,23.50,6 Pieces,,false,"https://images.salsify.com/image/upload/s--Quv7v_6G--/if_w_gt_2048,w_2048,c_fit/b56d608f7bb181af2496fa9bfd108680b431a2a0.jpg",https://libbeyfoodservice.com/product/n105388
N105389,"Ethno Tumbler, 10.25 Oz., Vintage Blue",Nachtmann,Ethno Color,Dof/Rocks Tumbler,rocks,10.25,303.1,3.9,3.23,99.1,82.0,20.55,23.50,6 Pieces,,false,"https://images.salsify.com/image/upload/s--CyE8sFGK--/if_w_gt_2048,w_2048,c_fit/7085ed171d24f31e6d104ba4391ca8ce1655ddfd.jpg",https://libbeyfoodservice.com/product/n105389
N104299,Ethno Whiskey,Nachtmann,Ethno,Dof/Rocks Tumbler,rocks,10.25,303.1,3.9,3.23,99.1,82.0,13.70,15.65,12 Pieces,,true,"https://images.salsify.com/image/upload/s--gVVfLa6E--/if_w_gt_2048,w_2048,c_fit/a42af59a4b9590288f68747eb8bed359bb0152bb.jpg",https://libbeyfoodservice.com/product/n104299
N105445,"Ethno Whiskey, Matte Black",Nachtmann,Ethno,Dof/Rocks Tumbler,rocks,10.25,303.1,3.9,3.23,99.1,82.0,20.55,23.50,12 Pieces,,true,"https://images.salsify.com/image/upload/s--W2A5Ds36--/if_w_gt_2048,w_2048,c_fit/1ba02b811c290c0e8f5c92be2534557fc48e63a0.jpg",https://libbeyfoodservice.com/product/n105445
2338,Lexington Old Fashioned,Libbey,Lexington,Dof/Rocks Tumbler,rocks,10.25,303.1,3.5,3.25,88.9,82.5,3.90,4.45,36 Pieces,,true,"https://images.salsify.com/image/upload/s--IdtZ6cGr--/if_w_gt_2048,w_2048,c_fit/51acce711d31adfc2428c2c21a18c0e137cf9529.jpg",https://libbeyfoodservice.com/product/2338
23386,Nob Hill Old Fashioned,Libbey,Nob Hill,Dof/Rocks Tumbler,rocks,10.25,303.1,3.38,3.25,85.9,82.5,3.80,4.30,24 Pieces,,true,"https://images.salsify.com/image/upload/s--kJUezgmr--/if_w_gt_2048,w_2048,c_fit/c2c087dc85fdc678100e92b0846d107b179a04a0.jpg",https://libbeyfoodservice.com/product/23386
4518016,Vino Grande On The Rocks,Spiegelau,Vino Grande,Dof/Rocks Tumbler,rocks,10.25,303.1,3.38,3.25,85.9,82.5,15.70,17.90,12 Pieces,,true,"https://images.salsify.com/image/upload/s--EDmCx_gt--/if_w_gt_2048,w_2048,c_fit/48fc4593178adafbc022ecd3329a05789a151f65.jpg",https://libbeyfoodservice.com/product/4518016
9217,Circa Cocktails Distill Whiskey,Reserve by Libbey,Circa,Dof/Rocks Tumbler,rocks,10.5,310.5,4.25,2.7,107.9,68.6,6.25,7.10,12 Pieces,,true,"https://images.salsify.com/image/upload/s--IatNmvdz--/if_w_gt_2048,w_2048,c_fit/7969f10a59bf44d54d7f963a31c74d4f5dcbf17b.jpg",https://libbeyfoodservice.com/product/9217
1512,Embassy Rocks,Libbey,Embassy,Dof/Rocks Tumbler,rocks,10.5,310.5,3.5,3.25,88.9,82.5,4.40,5.00,36 Pieces,,true,"https://images.salsify.com/image/upload/s--J45vKblt--/if_w_gt_2048,w_2048,c_fit/aed7c7827d6b14a374db310234f850ab94eafbb5.jpg",https://libbeyfoodservice.com/product/1512
2718016,Lounge 2.0 Whiskey,Spiegelau,Lounge 2.0,Dof/Rocks Tumbler,rocks,10.5,310.5,,,,,16.30,18.60,12 Pieces,,true,"https://images.salsify.com/image/upload/s--T_s9vbT4--/if_w_gt_2048,w_2048,c_fit/12d13ef1b311b82bdfb0095d6bc1594041163dd0.jpg",https://libbeyfoodservice.com/product/2718016
9035,Modernist Rocks,Reserve by Libbey,Modernist,Dof/Rocks Tumbler,rocks,10.5,310.5,4.13,3.13,104.9,79.5,6.65,7.60,24 Pieces,,true,"https://images.salsify.com/image/upload/s--4QndD5ni--/if_w_gt_2048,w_2048,c_fit/bc61554c364daa441dbea6a5441a85d33ea66efa.jpg",https://libbeyfoodservice.com/product/9035
2044,Traverse Rocks,Libbey,Traverse,Dof/Rocks Tumbler,rocks,10.5,310.5,3.81,3.69,96.8,93.7,4.30,4.90,12 Pieces,,true,"https://images.salsify.com/image/upload/s--NaoL4Lzy--/if_w_gt_2048,w_2048,c_fit/86e49348cd4995f758811b7d2b3f1f13bf40b641.jpg",https://libbeyfoodservice.com/product/2044
4078016,Soiree On The Rocks,Spiegelau,Soiree,Dof/Rocks Tumbler,rocks,10.75,317.9,3.38,3.25,85.9,82.5,12.95,14.80,12 Pieces,,true,"https://images.salsify.com/image/upload/s--MFD2z1J5--/if_w_gt_2048,w_2048,c_fit/63bf27085d0c43ed820b0efe3d1107bc2ce88747.jpg",https://libbeyfoodservice.com/product/4078016
917CD,Heavy Base Rocks,Libbey,Heavy Base,Dof/Rocks Tumbler,rocks,11.0,325.3,3.5,3.25,88.9,82.5,3.85,4.35,36 Pieces,,true,"https://images.salsify.com/image/upload/s--XUe2IOnZ--/if_w_gt_2048,w_2048,c_fit/79940d361a52b32ae98b6c5e81164ab0749f7a48.jpg",https://libbeyfoodservice.com/product/917cd
N98151,Shu Fa Whiskey,Nachtmann,Shu Fa,Dof/Rocks Tumbler,rocks,11.25,332.7,3.98,3.23,101.1,82.0,13.30,15.20,12 Pieces,,true,"https://images.salsify.com/image/upload/s--OzFKs4C9--/if_w_gt_2048,w_2048,c_fit/47751a7a05fa624721bc3a316df54e00d2cc99a0.jpg",https://libbeyfoodservice.com/product/n98151
15970,Gallery Double Old Fashioned,Libbey,Gallery,Dof/Rocks Tumbler,rocks,11.5,340.1,4.09,3.83,103.9,97.3,6.00,6.85,12 Pieces,,true,"https://images.salsify.com/image/upload/s--lIqlQrtY--/if_w_gt_2048,w_2048,c_fit/a88777cd9b4533e8b5c0197bdf6dc2f270c381cf.jpg",https://libbeyfoodservice.com/product/15970
11006821,Pisa Double Old Fashioned,Libbey,Pisa,Dof/Rocks Tumbler,rocks,11.75,347.5,3.75,4.0,95.2,101.6,6.45,7.40,12 Pieces,,true,"https://images.salsify.com/image/upload/s--j0FIZlB4--/if_w_gt_2048,w_2048,c_fit/5be1d4916eeb09a1b494c0043aae379183d9b242.jpg",https://libbeyfoodservice.com/product/11006821
N99576,Punk Tumbler,Nachtmann,Punk,Dof/Rocks Tumbler,rocks,11.75,347.5,3.98,3.31,101.1,84.1,12.60,14.40,12 Pieces,,true,"https://images.salsify.com/image/upload/s--jKUoNxT_--/if_w_gt_2048,w_2048,c_fit/c62cb9c1ae953ac15aa7239a6bbcb93445c393ec.jpg",https://libbeyfoodservice.com/product/n99576
4918016,Ultra Whiskey Glass,Spiegelau,Ultra,Dof/Rocks Tumbler,rocks,11.75,347.5,3.0,3.0,76.2,76.2,11.35,12.95,12 Pieces,,true,"https://images.salsify.com/image/upload/s--myugoUdC--/if_w_gt_2048,w_2048,c_fit/d54b9111bc70f3102678c4ed936e16098b67e6d2.jpg",https://libbeyfoodservice.com/product/4918016
11106520,Series V Series V350 Double Old Fashioned,Libbey,Series V,Dof/Rocks Tumbler,rocks,11.875,351.2,4.63,3.88,117.6,98.6,5.70,6.55,12 Pieces,,true,"https://images.salsify.com/image/upload/s--KVy4Wcm4--/if_w_gt_2048,w_2048,c_fit/a36380f4c0ef792333abd35c8bbb432919ba8528.jpg",https://libbeyfoodservice.com/product/11106520
92302,Aruba Rocks,Libbey,Aruba,Dof/Rocks Tumbler,rocks,12.0,354.9,3.63,3.38,92.2,85.9,11.20,12.80,12 Pieces,,true,"https://images.salsify.com/image/upload/s--R82pn6BG--/if_w_gt_2048,w_2048,c_fit/ece3f51031284b77aeef17506975815ac6abd236.jpg",https://libbeyfoodservice.com/product/92302
92302R,Aruba Rocks,Libbey,Aruba,Dof/Rocks Tumbler,rocks,12.0,354.9,3.63,3.38,92.2,85.9,12.15,13.85,12 Pieces,,true,"https://images.salsify.com/image/upload/s--NhBIBJ7g--/if_w_gt_2048,w_2048,c_fit/a995a8674100550877231a29ef2e70b463c9fcab.jpg",https://libbeyfoodservice.com/product/92302r
1009459,Dahlia Double Old Fashioned,Libbey,Dahlia,Dof/Rocks Tumbler,rocks,12.0,354.9,3.83,3.74,97.3,95.0,5.60,6.40,12 Pieces,,true,"https://images.salsify.com/image/upload/s--D5QUA2O1--/if_w_gt_2048,w_2048,c_fit/bf24a3eedaec887650f3ce631e0d4662057e9b7e.jpg",https://libbeyfoodservice.com/product/1009459
15811,Elan Double Old Fashioned,Libbey,Elan,Dof/Rocks Tumbler,rocks,12.0,354.9,4.13,3.88,104.9,98.6,5.60,6.40,12 Pieces,,true,"https://images.salsify.com/image/upload/s--wkTz70ar--/if_w_gt_2048,w_2048,c_fit/3c1f3150c8501e99352978dcdd52b54ca03624e3.jpg",https://libbeyfoodservice.com/product/15811
15712,Endeavor Double Old Fashioned,Libbey,Endeavor,Dof/Rocks Tumbler,rocks,12.0,354.9,4.13,3.88,104.9,98.6,5.75,6.60,12 Pieces,,true,"https://images.salsify.com/image/upload/s--q_inmtRK--/if_w_gt_2048,w_2048,c_fit/c62999df75f7e6691a0f7ca45c4168ffb9a426bb.jpg",https://libbeyfoodservice.com/product/15712
15435,Everest Rocks,Libbey,Everest,Dof/Rocks Tumbler,rocks,12.0,354.9,3.75,3.63,95.2,92.2,5.80,6.60,36 Pieces,,true,"https://images.salsify.com/image/upload/s--6ES7DvRf--/if_w_gt_2048,w_2048,c_fit/d2576bfdb9e3587d7b275dce6aeed8040b17b5ea.jpg",https://libbeyfoodservice.com/product/15435
15243,Gibraltar Double Rocks,Libbey,Gibraltar,Dof/Rocks Tumbler,rocks,12.0,354.9,4.0,3.63,101.6,92.2,4.00,4.55,36 Pieces,,true,"https://images.salsify.com/image/upload/s--11Pim451--/if_w_gt_2048,w_2048,c_fit/e4ca2af50443c5055698ec0e1a0086a7b50049be.jpg",https://libbeyfoodservice.com/product/15243
5632,Hobstar Double Old Fashioned,Libbey,Hobstar,Dof/Rocks Tumbler,rocks,12.0,354.9,4.13,3.5,104.9,88.9,5.30,6.05,12 Pieces,,true,"https://images.salsify.com/image/upload/s--E6B6IegK--/if_w_gt_2048,w_2048,c_fit/98fa8dffdbb2c86eb31264012beb4d3c3e14e140.jpg",https://libbeyfoodservice.com/product/5632
5632/AB2X0F,"Hobstar Double Old Fashioned, 12-Ounce, Blush",Libbey,Hobstar Color,Dof/Rocks Tumbler,rocks,12.0,354.9,4.13,3.5,104.9,88.9,6.85,7.85,12 Pieces,,false,"https://images.salsify.com/image/upload/s--z7kNwalf--/if_w_gt_2048,w_2048,c_fit/e4bb9e7f93c76d1701b175307e1eb5a0d5866b00.jpg",https://libbeyfoodservice.com/product/5632-ab2x0f
5632/AK7P2M,"Hobstar Double Old Fashioned, 12-Ounce, Graphite",Libbey,Hobstar Color,Dof/Rocks Tumbler,rocks,12.0,354.9,4.13,3.5,104.9,88.9,6.85,7.85,12 Pieces,,false,"https://images.salsify.com/image/upload/s--B57kb4PK--/if_w_gt_2048,w_2048,c_fit/af63eaf3a967ec00a568e938e5647339116e1ea8.jpg",https://libbeyfoodservice.com/product/5632-ak7p2m
5632/AP0N7D,"Hobstar Double Old Fashioned, 12-Ounce, Sapphire",Libbey,Hobstar Color,Dof/Rocks Tumbler,rocks,12.0,354.9,4.13,3.5,104.9,88.9,6.85,7.85,12 Pieces,,false,"https://images.salsify.com/image/upload/s--cO8RdxGI--/if_w_gt_2048,w_2048,c_fit/e0ddc8655b2029ed6eac74da41e422db491968b7.jpg",https://libbeyfoodservice.com/product/5632-ap0n7d
5632/AC1Z1Z,"Hobstar Double Old Fashioned, 12-Ounce, Topaz",Libbey,Hobstar Color,Dof/Rocks Tumbler,rocks,12.0,354.9,4.13,3.5,104.9,88.9,6.85,7.85,12 Pieces,,false,"https://images.salsify.com/image/upload/s--lqWMS_wv--/if_w_gt_2048,w_2048,c_fit/df4be007915e269ad41a1ebfcdbef6b925ca7c82.jpg",https://libbeyfoodservice.com/product/5632-ac1z1z
113072,Infinium Alto Double Old Fashioned,Libbey,Infinium Alto,Dof/Rocks Tumbler,rocks,12.0,354.9,,,,,9.50,10.85,12 Pieces,,true,"https://images.salsify.com/image/upload/s--SdoKbb_K--/if_w_gt_2048,w_2048,c_fit/4b24fc858c74ef4699d9f997e673b124dfb32a7b.jpg",https://libbeyfoodservice.com/product/113072
92404,Infinium Classic Stacking Double Old Fashioned,Libbey,Infinium,Dof/Rocks Tumbler,rocks,12.0,354.9,,3.5,,88.9,7.45,8.50,12 Pieces,,true,"https://images.salsify.com/image/upload/s--kquuUQhQ--/if_w_gt_2048,w_2048,c_fit/5329d6f0655415ea16172c7fb951fe3e077e4ba0.jpg",https://libbeyfoodservice.com/product/92404
92442,Infinium Torque Stacking Double Old Fashioned,Libbey,Torque,Dof/Rocks Tumbler,rocks,12.0,354.9,3.75,3.63,95.2,92.2,8.30,9.50,12 Pieces,,true,"https://images.salsify.com/image/upload/s--8hG4HeJP--/if_w_gt_2048,w_2048,c_fit/40b91fada771d40acc24859ff5dd0a68171019f4.jpg",https://libbeyfoodservice.com/product/92442
109303,"Infinium Wake Stacking Dof, Tidal Blue",Libbey,Infinium Wake,Dof/Rocks Tumbler,rocks,12.0,354.9,3.75,3.5,95.2,88.9,8.40,9.60,12 Pieces,,true,"https://images.salsify.com/image/upload/s--MPawSvXd--/if_w_gt_2048,w_2048,c_fit/c1eece1f3dacd638a83d67d67fb0da6a9762346a.jpg",https://libbeyfoodservice.com/product/109303
92430,Infinium Wake Stacking Double Old Fashioned,Libbey,Infinium Wake,Dof/Rocks Tumbler,rocks,12.0,354.9,3.74,3.51,95.0,89.2,7.35,8.40,12 Pieces,,true,"https://images.salsify.com/image/upload/s--jBDjnK-w--/if_w_gt_2048,w_2048,c_fit/77209b1b3ef50275a93e2642f0c327de8bbaa23e.jpg",https://libbeyfoodservice.com/product/92430
1009738,"Marcela Double Old Fashioned Glass, 12 Oz.",Libbey,Marcela,Dof/Rocks Tumbler,rocks,12.0,354.9,3.8,3.33,96.5,84.6,6.55,7.45,12 Pieces,,false,"https://images.salsify.com/image/upload/s--jDZHUMbN--/if_w_gt_2048,w_2048,c_fit/g8n63mblaikhcw8bljwt.jpg",https://libbeyfoodservice.com/product/1009738
9036,Modernist Double Old Fashioned,Reserve by Libbey,Modernist,Dof/Rocks Tumbler,rocks,12.0,354.9,4.0,3.25,101.6,82.5,6.75,7.70,24 Pieces,,true,"https://images.salsify.com/image/upload/s--08SQv9jV--/if_w_gt_2048,w_2048,c_fit/78da827153a02ae844a1cb955ee1774b65e09ef1.jpg",https://libbeyfoodservice.com/product/9036
12038,Newton Dof,Libbey,Newton,Dof/Rocks Tumbler,rocks,12.0,354.9,3.53,3.5,89.7,88.9,5.60,6.35,12 Pieces,,true,"https://images.salsify.com/image/upload/s--xw8MvZjb--/if_w_gt_2048,w_2048,c_fit/05afad16ae0624ca12750c17c42ff34890d45ead.jpg",https://libbeyfoodservice.com/product/12038
925500,Ocular Double Old Fashioned,Libbey,Ocular,Dof/Rocks Tumbler,rocks,12.0,354.9,4.1,3.45,104.1,87.6,5.60,6.35,12 Pieces,,true,"https://images.salsify.com/image/upload/s--m3KIKP_e--/if_w_gt_2048,w_2048,c_fit/e99971162a1605eb9b5b7269e020e4933db487c5.jpg",https://libbeyfoodservice.com/product/925500
15963,Optiva Double Old Fashioned,Libbey,Optiva,Dof/Rocks Tumbler,rocks,12.0,354.9,4.0,3.63,101.6,92.2,5.85,6.65,12 Pieces,,true,"https://images.salsify.com/image/upload/s--iMf3RhY2--/if_w_gt_2048,w_2048,c_fit/fede0f919ff8c0766a0d1c7622a7ffcaabcf8950.jpg",https://libbeyfoodservice.com/product/15963
2205,Quartet Double Old Fashioned,Libbey,Quartet,Dof/Rocks Tumbler,rocks,12.0,354.9,3.75,3.5,95.2,88.9,5.30,6.05,12 Pieces,,true,"https://images.salsify.com/image/upload/s--WW-3MijI--/if_w_gt_2048,w_2048,c_fit/201f68e8c026288dcd107568a4cec8c27abd74e8.jpg",https://libbeyfoodservice.com/product/2205
9183,"Radius Double Old Fashioned, 12-Ounce",Reserve by Libbey,Radius,Dof/Rocks Tumbler,rocks,12.0,354.9,3.58,3.43,90.9,87.1,7.45,8.50,12 Pieces,,true,"https://images.salsify.com/image/upload/s--JOqwhqDk--/if_w_gt_2048,w_2048,c_fit/e3abd4da540c10a5c22ea38f5aebd826165d1a5a.jpg",https://libbeyfoodservice.com/product/9183
97287,Repurposed Wine Short Tumbler,Libbey,Repurposed Wine Bottles,Dof/Rocks Tumbler,rocks,12.0,354.9,4.33,2.88,110.0,73.2,8.65,9.90,12 Pieces,,true,"https://images.salsify.com/image/upload/s--FxkZPWuG--/if_w_gt_2048,w_2048,c_fit/550560704ec1b73a358023f4c4a008ed1143ffda.jpg",https://libbeyfoodservice.com/product/97287
15587,Restaurant Basics Double Old Fashioned,Libbey,Restaurant Basics,Dof/Rocks Tumbler,rocks,12.0,354.9,3.75,3.5,95.2,88.9,4.55,5.20,24 Pieces,,true,"https://images.salsify.com/image/upload/s--VMMi0gdE--/if_w_gt_2048,w_2048,c_fit/193948590f1b7143bde7c181dc36690657659c8c.jpg",https://libbeyfoodservice.com/product/15587
15769,Restaurant Basics Stacking Double Old Fashioned,Libbey,Restaurant Basics,Dof/Rocks Tumbler,rocks,12.0,354.9,3.75,3.5,95.2,88.9,5.00,5.70,24 Pieces,,true,"https://images.salsify.com/image/upload/s--lN4XKpzt--/if_w_gt_2048,w_2048,c_fit/7e8be9ae00061e38edb666bacd15ee84e77b8888.jpg",https://libbeyfoodservice.com/product/15769
1009131,Structure Stackable Dof,Libbey,Structure,Dof/Rocks Tumbler,rocks,12.0,354.9,,,,,4.15,4.70,12 Pieces,,true,"https://images.salsify.com/image/upload/s--PSjKui-Y--/if_w_gt_2048,w_2048,c_fit/4044a03ab1df03ac608a7868a2b67f5367d054e1.jpg",https://libbeyfoodservice.com/product/1009131
9023,Symmetry Rocks,Reserve by Libbey,Symmetry,Dof/Rocks Tumbler,rocks,12.0,354.9,3.49,3.52,88.6,89.4,7.35,8.40,12 Pieces,,true,"https://images.salsify.com/image/upload/s--m_k3BrnN--/if_w_gt_2048,w_2048,c_fit/04f52e0573eb1bb4676751f87d3b52e7c4cf9d68.jpg",https://libbeyfoodservice.com/product/9023
2311,Vibe Double Old Fashioned,Libbey,Vibe,Dof/Rocks Tumbler,rocks,12.0,354.9,4.13,2.88,104.9,73.2,5.50,6.25,12 Pieces,,true,"https://images.salsify.com/image/upload/s--wqt55hD6--/if_w_gt_2048,w_2048,c_fit/d8167a8d8947cd51180790e95528b84873b7bfc7.jpg",https://libbeyfoodservice.com/product/2311
1009735,"Whitney Double Old Fashioned Glass, 12 Oz.",Libbey,Whitney,Dof/Rocks Tumbler,rocks,12.0,354.9,3.8,3.4,96.5,86.4,6.55,7.45,12 Pieces,,false,"https://images.salsify.com/image/upload/s--QFlT7B-H--/if_w_gt_2048,w_2048,c_fit/jnqkayl7v2fiwegwsjvs.jpg",https://libbeyfoodservice.com/product/1009735
15482,Inverness Double Old Fashioned,Libbey,Inverness,Dof/Rocks Tumbler,rocks,12.25,362.3,3.88,3.75,98.6,95.2,5.65,6.50,24 Pieces,,true,"https://images.salsify.com/image/upload/s--ft98Pb5C--/if_w_gt_2048,w_2048,c_fit/2e541bab04ab4b06bfa25d5d207c38360d435626.jpg",https://libbeyfoodservice.com/product/15482
23396,Nob Hill Double Old Fashioned,Libbey,Nob Hill,Dof/Rocks Tumbler,rocks,12.25,362.3,3.88,3.25,98.6,82.5,5.05,5.75,36 Pieces,,true,"https://images.salsify.com/image/upload/s--l1ANW6Wh--/if_w_gt_2048,w_2048,c_fit/1a71e206d1a2092d5f60fb63902ebe07a727bdad.jpg",https://libbeyfoodservice.com/product/23396
4508016,Perfect Serve Double Old Fashioned,Spiegelau,Perfect Serve,Dof/Rocks Tumbler,rocks,12.5,369.7,3.94,3.39,100.1,86.1,12.95,14.80,12 Pieces,,true,"https://images.salsify.com/image/upload/s--Ycn0tFZD--/if_w_gt_2048,w_2048,c_fit/213d742dde44d40db56abd4999f83038daa94940.jpg",https://libbeyfoodservice.com/product/4508016
2660116,Club Double Old Fashioned,Spiegelau,Club,Dof/Rocks Tumbler,rocks,12.5,369.7,3.75,3.38,95.2,85.9,14.75,16.85,12 Pieces,,true,"https://images.salsify.com/image/upload/s--8T-jGnq---/if_w_gt_2048,w_2048,c_fit/9cbd0dc0900be127855c5adf83f7564574c5cf68.jpg",https://libbeyfoodservice.com/product/2660116
6759B12,Impressions Blue Ribbon Double Old Fashioned,Libbey,Impressions,Dof/Rocks Tumbler,rocks,12.5,369.7,4.0,3.38,101.6,85.9,8.20,9.35,12 Pieces,,true,"https://images.salsify.com/image/upload/s--cNv20UyD--/if_w_gt_2048,w_2048,c_fit/a9367d2990c4cae66b8680f12ad618f45a9f9783.jpg",https://libbeyfoodservice.com/product/6759b12
1767591,Impressions Double Old Fashioned,Libbey,Impressions,Dof/Rocks Tumbler,rocks,12.5,369.7,4.0,3.38,101.6,85.9,6.85,7.80,12 Pieces,,true,"https://images.salsify.com/image/upload/s--3IHrV4eJ--/if_w_gt_2048,w_2048,c_fit/3363aaa338df3c452e68eca02617e4b7eabd0ca3.jpg",https://libbeyfoodservice.com/product/1767591
1009413,Jicara Agave Cocktail,Libbey,Jicara,Dof/Rocks Tumbler,rocks,12.5,369.7,3.51,3.98,89.2,101.1,4.70,5.40,12 Pieces,,true,"https://images.salsify.com/image/upload/s--6lgiQGRE--/if_w_gt_2048,w_2048,c_fit/873b435d0e6556ab89d611491f217895876ea960.jpg",https://libbeyfoodservice.com/product/1009413
2339,Lexington Double Old Fashioned,Libbey,Lexington,Dof/Rocks Tumbler,rocks,12.5,369.7,4.0,3.25,101.6,82.5,4.35,4.95,36 Pieces,,true,"https://images.salsify.com/image/upload/s--2CW0OAAE--/if_w_gt_2048,w_2048,c_fit/71d7edf78c966fcabd3ecc971bede4c202fa4c64.jpg",https://libbeyfoodservice.com/product/2339
2307,Geo Dof Glass,Libbey,Geo,Dof/Rocks Tumbler,rocks,13.25,391.8,4.5,3.63,114.3,92.2,5.50,6.25,12 Pieces,,true,"https://images.salsify.com/image/upload/s--dCO9Q2n7--/if_w_gt_2048,w_2048,c_fit/cdcc34eadb2b49f30ad7351126fded6c1b00c734.jpg",https://libbeyfoodservice.com/product/2307
918CD,Heavy Base Finedge Double Old Fashioned,Libbey,Heavy Base,Dof/Rocks Tumbler,rocks,13.5,399.2,4.25,3.38,107.9,85.9,4.25,4.85,36 Pieces,,true,"https://images.salsify.com/image/upload/s--XdiedUcy--/if_w_gt_2048,w_2048,c_fit/6979219c402564b0eae0101ddbb7dbaf1ee1d39c.jpg",https://libbeyfoodservice.com/product/918cd
4507516,Perfect Serve Pool Dof,Spiegelau,Perfect Serve Pool,Dof/Rocks Tumbler,rocks,13.75,406.6,,,,,22.25,25.45,12 Pieces,,true,"https://images.salsify.com/image/upload/s--cQdvMrGG--/if_w_gt_2048,w_2048,c_fit/df920b9078f78b1179739c90a40d603032995dfd.jpg",https://libbeyfoodservice.com/product/4507516
816CD,Heavy Base Finedge Double Old Fashioned,Libbey,Heavy Base,Dof/Rocks Tumbler,rocks,15.0,443.6,4.38,3.63,111.3,92.2,3.95,4.50,36 Pieces,,true,"https://images.salsify.com/image/upload/s--4ayj8ql2--/if_w_gt_2048,w_2048,c_fit/4b3fe9ef56c5c300d8608bb3aaba50b037652cf0.jpg",https://libbeyfoodservice.com/product/816cd
5030,Shots & Shooters Narrow Tall Whiskey,Libbey,Shooters,Shot/Shooter Cocktail,shot,0.75,22.2,2.88,1.75,73.2,44.4,3.05,3.50,72 Pieces,,true,"https://images.salsify.com/image/upload/s--Hwr-6Z67--/if_w_gt_2048,w_2048,c_fit/c0ed28416fd8186c8e13a735390976330182720d.jpg",https://libbeyfoodservice.com/product/5030
5128,Shots & Shooters Whiskey,Libbey,Shooters,Shot/Shooter Cocktail,shot,0.875,25.9,2.38,2.0,60.5,50.8,3.20,3.65,72 Pieces,,true,"https://images.salsify.com/image/upload/s--L5BYh6rz--/if_w_gt_2048,w_2048,c_fit/80e14fa249111c52f43a37bc2493bd15071adf0e.jpg",https://libbeyfoodservice.com/product/5128
6284,Shots & Shooters Imperial Shot,Libbey,Shooters,Shot/Shooter Cocktail,shot,1.0,29.6,2.88,1.75,73.2,44.4,2.65,3.00,72 Pieces,,true,"https://images.salsify.com/image/upload/s--p8-2TXoX--/if_w_gt_2048,w_2048,c_fit/75308143dcc9e73b41e50546c416d6e9a916878b.jpg",https://libbeyfoodservice.com/product/6284
5031,Shots & Shooters Narrow Tall Whiskey,Libbey,Shooters,Shot/Shooter Cocktail,shot,1.0,29.6,2.88,1.75,73.2,44.4,2.70,3.05,72 Pieces,,true,"https://images.salsify.com/image/upload/s--V69bINSK--/if_w_gt_2048,w_2048,c_fit/16c4bdd94f0c0c7c5028c9f34b506a6c3c90e269.jpg",https://libbeyfoodservice.com/product/5031
5138,Shots & Shooters Tall Whiskey,Libbey,Shooters,Shot/Shooter Cocktail,shot,1.0,29.6,3.0,2.25,76.2,57.1,5.45,6.25,48 Pieces,,true,"https://images.salsify.com/image/upload/s--eGZmL4E3--/if_w_gt_2048,w_2048,c_fit/8eecfbf54d7064f4eb053d417a4aea2092a24b39.jpg",https://libbeyfoodservice.com/product/5138
5122,Shots & Shooters Whiskey,Libbey,Shooters,Shot/Shooter Cocktail,shot,1.0,29.6,2.38,2.0,60.5,50.8,3.05,3.45,72 Pieces,,true,"https://images.salsify.com/image/upload/s--mCh8ksYz--/if_w_gt_2048,w_2048,c_fit/ed59d22c254ce0718759896ddd694a3f6b286698.jpg",https://libbeyfoodservice.com/product/5122
5135/S0617,Shots & Shooters Fluted Lined Whiskey - 1/2 Oz Line,Libbey,Shooters,Shot/Shooter Cocktail,shot,1.25,37.0,2.88,2.25,73.2,57.1,6.00,6.85,48 Pieces,,true,"https://images.salsify.com/image/upload/s--mdVKK_AQ--/if_w_gt_2048,w_2048,c_fit/3b5c3ac86e3af7f1fb22592aa7b4894b05ef2cf2.jpg",https://libbeyfoodservice.com/product/5135-s0617
5135,Shots & Shooters Fluted Whiskey,Libbey,Shooters,Shot/Shooter Cocktail,shot,1.25,37.0,2.88,2.25,73.2,57.1,4.90,5.60,48 Pieces,,true,"https://images.salsify.com/image/upload/s--PdTs1bSA--/if_w_gt_2048,w_2048,c_fit/2dac77929408df6f3be25188505fdddb276f7e06.jpg",https://libbeyfoodservice.com/product/5135
5121,Shots & Shooters Whiskey,Libbey,Shooters,Shot/Shooter Cocktail,shot,1.25,37.0,2.38,2.0,60.5,50.8,3.05,3.45,72 Pieces,,true,"https://images.salsify.com/image/upload/s--hykMSQLZ--/if_w_gt_2048,w_2048,c_fit/09a29749a7b65ceba4b5d8ebb3027797ff94cc21.jpg",https://libbeyfoodservice.com/product/5121
92440,Infinium Torque Stacking Shot,Libbey,Torque,Shot/Shooter Cocktail,shot,1.5,44.4,2.13,1.88,54.1,47.8,4.55,5.20,24 Pieces,,true,"https://images.salsify.com/image/upload/s--hiO7MQW---/if_w_gt_2048,w_2048,c_fit/f4f7b4bdee9ff1d31b29ec7e55878922769a6b9c.jpg",https://libbeyfoodservice.com/product/92440
5127/S0710,Shots & Shooters Fluted Lined Whiskey - 3/4 Oz Line,Libbey,Shooters,Shot/Shooter Cocktail,shot,1.5,44.4,2.88,2.25,73.2,57.1,5.10,5.80,48 Pieces,,true,"https://images.salsify.com/image/upload/s--nuQMlqrP--/if_w_gt_2048,w_2048,c_fit/03101d3a62145ccbe56e757daab8b2f4b7913516.jpg",https://libbeyfoodservice.com/product/5127-s0710
5127/S0711,Shots & Shooters Fluted Lined Whiskey - 7/8 Oz Line,Libbey,Shooters,Shot/Shooter Cocktail,shot,1.5,44.4,2.88,2.25,73.2,57.1,4.85,5.55,48 Pieces,,true,"https://images.salsify.com/image/upload/s--h4Gh_cNL--/if_w_gt_2048,w_2048,c_fit/79edc05bebb1f1e50ce4bfa7f1dd6a306b006487.jpg",https://libbeyfoodservice.com/product/5127-s0711
5127,Shots & Shooters Fluted Whiskey,Libbey,Shooters,Shot/Shooter Cocktail,shot,1.5,44.4,2.88,2.25,73.2,57.1,4.15,4.70,48 Pieces,,true,"https://images.salsify.com/image/upload/s--wTIgXtJX--/if_w_gt_2048,w_2048,c_fit/5cb05ea190e6d600b9c444a4fd0d7f220f1fe629.jpg",https://libbeyfoodservice.com/product/5127
5120/A0007,Shots & Shooters Lined Whiskey,Libbey,Shooters,Shot/Shooter Cocktail,shot,1.5,44.4,2.38,2.0,60.5,50.8,3.40,3.85,72 Pieces,,true,"https://images.salsify.com/image/upload/s--dw_2_MwZ--/if_w_gt_2048,w_2048,c_fit/eaa3e5b2c9f8afd37f2dc33868578419d078cb15.jpg",https://libbeyfoodservice.com/product/5120-a0007
9862324,Shots & Shooters Tequila Shooter,Libbey,Shooters,Shot/Shooter Cocktail,shot,1.5,44.4,3.63,1.5,92.2,38.1,2.65,3.00,72 Pieces,,true,"https://images.salsify.com/image/upload/s--ML2M5qoE--/if_w_gt_2048,w_2048,c_fit/30d2c2bf49039b963fdcc4c95a562915ebbe6c1b.jpg",https://libbeyfoodservice.com/product/9862324
5120,Shots & Shooters Whiskey,Libbey,Shooters,Shot/Shooter Cocktail,shot,1.5,44.4,2.38,2.0,60.5,50.8,2.65,3.00,72 Pieces,,true,"https://images.salsify.com/image/upload/s--exJiN4NL--/if_w_gt_2048,w_2048,c_fit/d79bfdea41673c6685754ef4faa1addc6cea97c1.jpg",https://libbeyfoodservice.com/product/5120
5114,Shots & Shooters Whiskey,Libbey,Shooters,Shot/Shooter Cocktail,shot,1.75,51.8,2.38,2.0,60.5,50.8,2.70,3.05,72 Pieces,,true,"https://images.salsify.com/image/upload/s--EKnvKwGq--/if_w_gt_2048,w_2048,c_fit/f92d9d32ede95d19b688018cb2fc9c18f9a6b565.jpg",https://libbeyfoodservice.com/product/5114
92400,Infinium Classic Shot,Libbey,Infinium,Shot/Shooter Cocktail,shot,2.0,59.1,2.38,2.0,60.5,50.8,4.40,5.00,24 Pieces,,true,"https://images.salsify.com/image/upload/s--Cj5T7XLs--/if_w_gt_2048,w_2048,c_fit/eb907a9c31df0f609203fc62c64e46b0e5676d34.jpg",https://libbeyfoodservice.com/product/92400
5277,Prism Shot,Libbey,Prism,Shot/Shooter Cocktail,shot,2.0,59.1,2.5,1.88,63.5,47.8,3.55,4.05,72 Pieces,,true,"https://images.salsify.com/image/upload/s--VVfx1Leh--/if_w_gt_2048,w_2048,c_fit/097433fd0a0c84431210e367c201ce3ef7364c95.jpg",https://libbeyfoodservice.com/product/5277
5126/A0007,Shots & Shooters Fluted Lined Whiskey - 1 Oz Line,Libbey,Shooters,Shot/Shooter Cocktail,shot,2.0,59.1,2.88,2.25,73.2,57.1,3.70,4.20,48 Pieces,,true,"https://images.salsify.com/image/upload/s--dw_2_MwZ--/if_w_gt_2048,w_2048,c_fit/eaa3e5b2c9f8afd37f2dc33868578419d078cb15.jpg",https://libbeyfoodservice.com/product/5126-a0007
5126/S0711,Shots & Shooters Fluted Lined Whiskey - 7/8 Oz Line,Libbey,Shooters,Shot/Shooter Cocktail,shot,2.0,59.1,2.88,2.25,73.2,57.1,3.70,4.20,48 Pieces,,true,"https://images.salsify.com/image/upload/s--h4Gh_cNL--/if_w_gt_2048,w_2048,c_fit/79edc05bebb1f1e50ce4bfa7f1dd6a306b006487.jpg",https://libbeyfoodservice.com/product/5126-s0711
5126,Shots & Shooters Fluted Whiskey,Libbey,Shooters,Shot/Shooter Cocktail,shot,2.0,59.1,2.88,2.25,73.2,57.1,3.05,3.45,48 Pieces,,true,"https://images.salsify.com/image/upload/s--Y47C_6Iz--/if_w_gt_2048,w_2048,c_fit/86167e223726549b50321d5194a1e4ec78e70e6e.jpg",https://libbeyfoodservice.com/product/5126
5109,Shots & Shooters Shooter,Libbey,Shooters,Shot/Shooter Cocktail,shot,2.0,59.1,3.5,2.0,88.9,50.8,3.20,3.65,24 Pieces,,true,"https://images.salsify.com/image/upload/s--T-cbTh9P--/if_w_gt_2048,w_2048,c_fit/7752557232966747184c8ae7d104744457cb60bf.jpg",https://libbeyfoodservice.com/product/5109
9562269,Shots & Shooters Tequila Shooter,Libbey,Shooters,Shot/Shooter Cocktail,shot,2.0,59.1,4.25,1.63,107.9,41.4,2.65,3.00,72 Pieces,,true,"https://images.salsify.com/image/upload/s--3z6d_JGq--/if_w_gt_2048,w_2048,c_fit/9811e36fdd6a7c84256344eb90cde3c0a5b292e4.jpg",https://libbeyfoodservice.com/product/9562269
48,Shots & Shooters Whiskey,Libbey,Shooters,Shot/Shooter Cocktail,shot,2.0,59.1,2.38,2.0,60.5,50.8,2.65,3.00,72 Pieces,,true,"https://images.salsify.com/image/upload/s--WMz4DF4i--/if_w_gt_2048,w_2048,c_fit/d97f2be3ec3b08e4e25f75dec7efaa8f3c020eb0.jpg",https://libbeyfoodservice.com/product/48
48/1532G,"Shots & Shooters Whiskey, Capacity Glass",Libbey,Shooters,Shot/Shooter Cocktail,shot,2.0,59.1,2.38,2.0,60.5,50.8,3.15,3.60,72 Pieces,,true,"https://images.salsify.com/image/upload/s--4ephzpOQ--/if_w_gt_2048,w_2048,c_fit/62ba2dda468ad1615fd09f4f0fe18fe73b69797e.jpg",https://libbeyfoodservice.com/product/48-1532g
11110722,Series V Series V65 Shooter,Libbey,Series V,Shot/Shooter Cocktail,shot,2.25,66.5,2.75,2.25,69.8,57.1,2.90,3.35,24 Pieces,,true,"https://images.salsify.com/image/upload/s--TeyG0HMG--/if_w_gt_2048,w_2048,c_fit/e5fbc052cab87cb9b489bbf7ff70984f18e19e20.jpg",https://libbeyfoodservice.com/product/11110722
92311,Aruba Shot,Libbey,Aruba,Shot/Shooter Cocktail,shot,2.5,73.9,2.38,2.0,60.5,50.8,9.20,10.50,24 Pieces,,true,"https://images.salsify.com/image/upload/s--0ukvvG32--/if_w_gt_2048,w_2048,c_fit/ee1624db553764abf2116ea123ddf58a7dc15e9c.jpg",https://libbeyfoodservice.com/product/92311
1650,Chicago Cordial Super Sham,Libbey,Chicago,Shot/Shooter Cocktail,shot,2.5,73.9,4.13,1.57,104.9,39.9,3.85,4.35,48 Pieces,,true,"https://images.salsify.com/image/upload/s--jZ_UOXVz--/if_w_gt_2048,w_2048,c_fit/d8842de47a57334a98637b4921cc9a5ff131c18c.jpg",https://libbeyfoodservice.com/product/1650
243,Flare Shooter,Libbey,Flare,Shot/Shooter Cocktail,shot,2.5,73.9,3.75,2.13,95.2,54.1,3.10,3.55,24 Pieces,,true,"https://images.salsify.com/image/upload/s--HoGKCHtj--/if_w_gt_2048,w_2048,c_fit/e6cce2653256af57d32b3176a6472d1a76c9da83.jpg",https://libbeyfoodservice.com/product/243
2303,Lexington Whiskey,Libbey,Lexington,Shot/Shooter Cocktail,shot,3.0,88.7,2.63,2.0,66.8,50.8,2.80,3.20,36 Pieces,,true,"https://images.salsify.com/image/upload/s--tuLt8Fnl--/if_w_gt_2048,w_2048,c_fit/d6f24ce31ba886a2d8af38f85bdae21f933afbdc.jpg",https://libbeyfoodservice.com/product/2303
15733,Endeavor Duratuff Espresso,Libbey,Endeavor,Shot/Shooter Cocktail,shot,3.7,109.4,3.0,2.75,76.2,69.8,3.90,4.45,12 Pieces,,true,"https://images.salsify.com/image/upload/s--alX-jlIz--/if_w_gt_2048,w_2048,c_fit/d7f29adb16cb08715cecc1edf55fa20284c1842b.jpg",https://libbeyfoodservice.com/product/15733
1787386,Troyano Tequila Shooter,Libbey,Shooters,Shot/Shooter Cocktail,shot,5.375,159.0,5.38,2.38,136.7,60.5,3.55,4.05,24 Pieces,,true,"https://images.salsify.com/image/upload/s--Rw9p-mVJ--/if_w_gt_2048,w_2048,c_fit/4ac2989f3d06bc5abaaf545b184d9e50afc1b0cd.jpg",https://libbeyfoodservice.com/product/1787386
3702,Embassy Brandy,Libbey,Embassy,Brandy Cocktail,snifter,5.5,162.7,4.13,2.88,104.9,73.2,4.15,4.75,12 Pieces,,true,"https://images.salsify.com/image/upload/s--kCHwg8ux--/if_w_gt_2048,w_2048,c_fit/c22a00774d914557362d5abff43af85075475132.jpg",https://libbeyfoodservice.com/product/3702
3704,Embassy Brandy,Libbey,Embassy,Brandy Cocktail,snifter,9.25,273.6,4.5,3.38,114.3,85.9,5.40,6.15,24 Pieces,,true,"https://images.salsify.com/image/upload/s--lUiqwVVX--/if_w_gt_2048,w_2048,c_fit/74b4f545ab71e68133e2305ff20b8e1d1d300076.jpg",https://libbeyfoodservice.com/product/3704
3705,Embassy Brandy,Libbey,Embassy,Brandy Cocktail,snifter,11.5,340.1,5.0,3.63,127.0,92.2,5.40,6.15,24 Pieces,,true,"https://images.salsify.com/image/upload/s--Skv3Qk-O--/if_w_gt_2048,w_2048,c_fit/cd3c1a1383866a1e009d99f573ba7e2f2b8de0c4.jpg",https://libbeyfoodservice.com/product/3705
8405,Citation Brandy,Libbey,Citation,Brandy Cocktail,snifter,12.0,354.9,4.63,3.63,117.6,92.2,5.35,6.15,36 Pieces,,true,"https://images.salsify.com/image/upload/s--RcsTWz7e--/if_w_gt_2048,w_2048,c_fit/26107f9bb6f98d701704e36c566bdef74444cf43.jpg",https://libbeyfoodservice.com/product/8405
4078018,Soiree Cognac,Spiegelau,Soiree,Brandy Cocktail,snifter,15.25,451.0,5.38,3.88,136.7,98.6,13.70,15.65,12 Pieces,,true,"https://images.salsify.com/image/upload/s--Xm7T3ztw--/if_w_gt_2048,w_2048,c_fit/7ce60c6ced57d8a871af517901b980bbd1559130.jpg",https://libbeyfoodservice.com/product/4078018
3708,Embassy Brandy,Libbey,Embassy,Brandy Cocktail,snifter,17.5,517.5,5.5,4.0,139.7,101.6,5.95,6.80,24 Pieces,,true,"https://images.salsify.com/image/upload/s--TneYnBOi--/if_w_gt_2048,w_2048,c_fit/721df28dfcfe0d340f616b8e2f776d828d8f6fd3.jpg",https://libbeyfoodservice.com/product/3708
4518018,Vino Grande Cognac,Spiegelau,Vino Grande,Brandy Cocktail,snifter,18.75,554.5,6.13,4.0,155.7,101.6,16.00,18.30,12 Pieces,,true,"https://images.salsify.com/image/upload/s--disvUo0V--/if_w_gt_2048,w_2048,c_fit/6d618f226d1471d470c3048d0d0dd23821535c01.jpg",https://libbeyfoodservice.com/product/4518018
3709,Embassy Brandy,Libbey,Embassy,Brandy Cocktail,snifter,22.0,650.6,6.0,4.38,152.4,111.3,6.55,7.45,12 Pieces,,true,"https://images.salsify.com/image/upload/s--Flu1oX7P--/if_w_gt_2048,w_2048,c_fit/714c3224b3c99a11407c8387384eedb3f59a3017.jpg",https://libbeyfoodservice.com/product/3709
11057822,Series V Series V225 Cocktail,Libbey,Series V,Specialty Cocktail,specialty,7.625,225.5,3.5,4.13,88.9,104.9,4.95,5.65,12 Pieces,,true,"https://images.salsify.com/image/upload/s--teN3ZFxq--/if_w_gt_2048,w_2048,c_fit/0509e9c3546bd5d5d6ca36012b96e9b554cedd62.jpg",https://libbeyfoodservice.com/product/11057822
400,Cosmopolitan Cocktail,Libbey,Cosmopolitan,Specialty Cocktail,specialty,8.25,244.0,3.88,4.0,98.6,101.6,3.60,4.10,12 Pieces,,true,"https://images.salsify.com/image/upload/s--UgEqTcVR--/if_w_gt_2048,w_2048,c_fit/f1d64c86adc84e3849990ce91f4014a0b12a45d2.jpg",https://libbeyfoodservice.com/product/400
603064,Speakeasy Cocktail,Libbey,Speakeasy,Specialty Cocktail,specialty,8.25,244.0,7.63,3.06,193.8,77.7,7.55,8.65,12 Pieces,,true,"https://images.salsify.com/image/upload/s--ndmqF-Oz--/if_w_gt_2048,w_2048,c_fit/109e02b17e4ddb9a7bf53ec343ae0eafcf9ab2a7.jpg",https://libbeyfoodservice.com/product/603064
5874,Boost Cocktail,Libbey,Boost,Specialty Cocktail,specialty,9.0,266.2,3.65,4.35,92.7,110.5,5.05,5.75,12 Pieces,,true,"https://images.salsify.com/image/upload/s--yGsv-DQ6--/if_w_gt_2048,w_2048,c_fit/3b9720739d35332a3193ba8cad1e016087fe07c9.jpg",https://libbeyfoodservice.com/product/5874
92305,Aruba Cocktail,Libbey,Aruba,Specialty Cocktail,specialty,10.0,295.7,6.38,5.0,162.1,127.0,16.20,18.50,12 Pieces,,true,"https://images.salsify.com/image/upload/s--X4A96zZZ--/if_w_gt_2048,w_2048,c_fit/81bac894d8e400240f7d8fcd1445fdbbfe602500.jpg",https://libbeyfoodservice.com/product/92305
401,Cosmopolitan Wine,Libbey,Cosmopolitan,Specialty Cocktail,specialty,10.0,295.7,4.63,3.88,117.6,98.6,4.10,4.70,12 Pieces,,true,"https://images.salsify.com/image/upload/s--dE3BtPaD--/if_w_gt_2048,w_2048,c_fit/a01be5e7f48650b31e438aecfe4e46703eb92ab3.jpg",https://libbeyfoodservice.com/product/401
4468016,Single Barrel Bourbon Glass,Spiegelau,Specialty Glasses - Spiegelau,Specialty Cocktail,specialty,11.5,340.1,4.38,3.25,111.3,82.5,15.15,17.30,12 Pieces,,true,"https://images.salsify.com/image/upload/s--if_sOalS--/if_w_gt_2048,w_2048,c_fit/39ea03f2a0fe7a9bb2d622e6ff06e4bde146bb66.jpg",https://libbeyfoodservice.com/product/4468016
7400,Linear Cocktail Glass,Libbey,Linear,Specialty Cocktail,specialty,13.5,399.2,8.44,3.19,214.4,81.0,7.75,8.85,12 Pieces,,true,"https://images.salsify.com/image/upload/s--T6-_7X6S--/if_w_gt_2048,w_2048,c_fit/a9bd105cdbadd813a47cf2e8eb4e942199eea5b6.jpg",https://libbeyfoodservice.com/product/7400
7400/AG8N1P,"Linear Cocktail, Blush",Libbey,Linear Color,Specialty Cocktail,specialty,13.5,399.2,8.44,3.19,214.4,81.0,10.10,11.50,12 Pieces,,true,"https://images.salsify.com/image/upload/s--OFfL1Nvx--/if_w_gt_2048,w_2048,c_fit/cfdcbc7e4d8fca2be64f96b7c4f30f320539457a.jpg",https://libbeyfoodservice.com/product/7400-ag8n1p
7400/AK1K2K,"Linear Cocktail, Sapphire",Libbey,Linear Color,Specialty Cocktail,specialty,13.5,399.2,8.44,3.19,214.4,81.0,10.10,11.50,12 Pieces,,true,"https://images.salsify.com/image/upload/s--5GuGIKqc--/if_w_gt_2048,w_2048,c_fit/2df4fbf71bf05ba4c195dbf5b5fa3fc24e447088.jpg",https://libbeyfoodservice.com/product/7400-ak1k2k
402,Cosmopolitan Double Old Fashioned,Libbey,Cosmopolitan,Specialty Cocktail,specialty,14.0,414.0,4.63,4.75,117.6,120.6,4.45,5.10,12 Pieces,,true,"https://images.salsify.com/image/upload/s--b-phWOYx--/if_w_gt_2048,w_2048,c_fit/24b339e9661a8ce0a6a4f3971922772b7a361afb.jpg",https://libbeyfoodservice.com/product/402
N106688,"Bossa Nova Edition Wine Glass, 14.75 Oz.",Nachtmann,Bossa Nova Edition,Specialty Cocktail,specialty,14.75,436.2,8.19,3.39,208.0,86.1,25.05,28.60,6 Pieces,,false,"https://images.salsify.com/image/upload/s--QRnS9BAn--/if_w_gt_2048,w_2048,c_fit/0278b15065b3e629a482fdbd0ad7b92f118d7849.jpg",https://libbeyfoodservice.com/product/n106688
1101,Symbio Cocktail,Libbey,Symbio,Specialty Cocktail,specialty,15.0,443.6,5.71,4.11,145.0,104.4,2.90,3.30,12 Pieces,,true,"https://images.salsify.com/image/upload/s--OQoOdOIB--/if_w_gt_2048,w_2048,c_fit/37ada741d4516253f0a8c4ed87f7325ec77297ab.jpg",https://libbeyfoodservice.com/product/1101
92306R,Aruba Cocktail,Libbey,Aruba,Specialty Cocktail,specialty,15.0,443.6,7.0,6.0,177.8,152.4,21.15,24.20,12 Pieces,,true,"https://images.salsify.com/image/upload/s--I17mnryJ--/if_w_gt_2048,w_2048,c_fit/6271a475e091a42fe4db8cab609a1f9d45cc8b56.jpg",https://libbeyfoodservice.com/product/92306r
92306,Aruba Cocktail,Libbey,Aruba,Specialty Cocktail,specialty,15.0,443.6,7.0,6.0,177.8,152.4,19.60,22.40,12 Pieces,,true,"https://images.salsify.com/image/upload/s--SDCKCHYn--/if_w_gt_2048,w_2048,c_fit/70e3fbb5f395d7044cfad5573230ee98381f26f7.jpg",https://libbeyfoodservice.com/product/92306
3402,Super Stem Super Thistle,Libbey,Super Stem,Specialty Cocktail,specialty,15.0,443.6,8.5,3.88,215.9,98.6,13.15,15.05,12 Pieces,,true,"https://images.salsify.com/image/upload/s--VxI1hleT--/if_w_gt_2048,w_2048,c_fit/45177e5df2fcb2a1c66c145c4cfa1e9b6c299974.jpg",https://libbeyfoodservice.com/product/3402
1619,Specialty Glassware Napoli Grande,Libbey,Specialty Glasses,Specialty Cocktail,specialty,15.5,458.4,8.5,3.13,215.9,79.5,9.90,11.35,12 Pieces,,true,"https://images.salsify.com/image/upload/s--VqYxyxdQ--/if_w_gt_2048,w_2048,c_fit/c8cf54dfc959474f3d10a1edcf638a494247ea23.jpg",https://libbeyfoodservice.com/product/1619
1104,Symbio Gin And Tonic,Libbey,Symbio,Specialty Cocktail,specialty,16.0,473.2,5.69,3.26,144.5,82.8,2.85,3.25,12 Pieces,,true,"https://images.salsify.com/image/upload/s--GBq8LnYb--/if_w_gt_2048,w_2048,c_fit/ea949b4af5d6039295663b2bdd910cdc7c71fa35.jpg",https://libbeyfoodservice.com/product/1104
92309,Aruba Round Cocktail,Libbey,Aruba,Specialty Cocktail,specialty,16.0,473.2,7.25,4.13,184.1,104.9,19.00,21.70,12 Pieces,,true,"https://images.salsify.com/image/upload/s--61Hm8Cz9--/if_w_gt_2048,w_2048,c_fit/eab59896220d605f3f7c4fb8ad4635d4dc3942f9.jpg",https://libbeyfoodservice.com/product/92309
32802,Specialty Glassware Bamboo Cooler,Libbey,Specialty Glasses,Specialty Cocktail,specialty,16.0,473.2,6.75,2.88,171.4,73.2,4.55,5.20,36 Pieces,,true,"https://images.salsify.com/image/upload/s--IWfifmUf--/if_w_gt_2048,w_2048,c_fit/c31fe151842dc24c2fddc7ec1d602a252d305ec6.jpg",https://libbeyfoodservice.com/product/32802
92142,Tiki Glass,Libbey,Tiki,Specialty Cocktail,specialty,16.0,473.2,4.61,3.5,117.1,88.9,5.30,6.05,12 Pieces,,true,"https://images.salsify.com/image/upload/s--pnRqTsB_--/if_w_gt_2048,w_2048,c_fit/1658b4555f973bbe2fd31651a8bbe90c4e0cae34.jpg",https://libbeyfoodservice.com/product/92142
56880,Tiki Pineapple Glass,Libbey,Tiki,Specialty Cocktail,specialty,17.0,502.7,5.88,3.33,149.4,84.6,5.25,6.00,12 Pieces,,true,"https://images.salsify.com/image/upload/s--f1DbL1Ru--/if_w_gt_2048,w_2048,c_fit/d8045a7ebe250f66a1329de8a19be76e5c3358a9.jpg",https://libbeyfoodservice.com/product/56880
92314,Aruba Round Cocktail,Libbey,Aruba,Specialty Cocktail,specialty,21.0,621.0,7.38,4.5,187.5,114.3,20.65,23.60,12 Pieces,,true,"https://images.salsify.com/image/upload/s--tMIFo5kl--/if_w_gt_2048,w_2048,c_fit/cdbb2bb072c4bd244a426a7613a39477ca1f6a65.jpg",https://libbeyfoodservice.com/product/92314
92307R,Aruba Cocktail,Libbey,Aruba,Specialty Cocktail,specialty,24.0,709.8,7.63,6.5,193.8,165.1,25.60,29.25,12 Pieces,,true,"https://images.salsify.com/image/upload/s--ts7rszwh--/if_w_gt_2048,w_2048,c_fit/d3ae21f3be5fcb621dc2f6c7648e4bcc0739aec3.jpg",https://libbeyfoodservice.com/product/92307r
92307,Aruba Cocktail,Libbey,Aruba,Specialty Cocktail,specialty,24.0,709.8,7.63,6.5,193.8,165.1,22.90,26.15,12 Pieces,,true,"https://images.salsify.com/image/upload/s--Y1SDLy_w--/if_w_gt_2048,w_2048,c_fit/2101fc26e74196e9e7758b439a292f8d55e564ed.jpg",https://libbeyfoodservice.com/product/92307
3403,Super Stems Super Bowl,Libbey,Super Stem,Specialty Cocktail,specialty,38.0,1123.8,10.13,6.25,257.3,158.8,20.50,23.40,6 Pieces,,true,"https://images.salsify.com/image/upload/s--m4HH0vuX--/if_w_gt_2048,w_2048,c_fit/40e52112eac743696b9f7f04ff289ab7528b8011.jpg",https://libbeyfoodservice.com/product/3403
3408,Super Stems Super Globe,Libbey,Super Stem,Specialty Cocktail,specialty,51.0,1508.2,7.13,6.25,181.1,158.8,19.30,22.05,6 Pieces,,true,"https://images.salsify.com/image/upload/s--af10VeXw--/if_w_gt_2048,w_2048,c_fit/84d98fac021d5c6a70445112b873313c9a9e3953.jpg",https://libbeyfoodservice.com/product/3408
3407,Super Stems Super Schooner,Libbey,Super Stem,Specialty Cocktail,specialty,53.0,1567.4,8.63,6.25,219.2,158.8,19.50,22.25,6 Pieces,,true,"https://images.salsify.com/image/upload/s--9c0ulL4s--/if_w_gt_2048,w_2048,c_fit/76245254df1fbaff2dc63fc0e8f04e1cdabe78ff.jpg",https://libbeyfoodservice.com/product/3407
1350326,Definition Digestive,Spiegelau,Definition,All Purpose Wine,wine,4.6,136.0,8.58,2.83,217.9,71.9,33.75,38.60,6 Pieces,,true,"https://images.salsify.com/image/upload/s--lpdErmVd--/if_w_gt_2048,w_2048,c_fit/14b0acf269c3c877c22faf1d828032a2ef399a64.jpg",https://libbeyfoodservice.com/product/1350326
4408030,Authentis Digestive,Spiegelau,Authentis,All Purpose Wine,wine,5.75,170.0,7.38,2.5,187.5,63.5,18.50,21.10,12 Pieces,,true,"https://images.salsify.com/image/upload/s--dV9kD8em--/if_w_gt_2048,w_2048,c_fit/1dd339d3c606200cc0327bfd32f6e5e832422d5e.jpg",https://libbeyfoodservice.com/product/4408030
260,Stemless Taster,Libbey,Stemless,All Purpose Wine,wine,6.25,184.8,3.25,2.5,82.5,63.5,2.70,3.05,24 Pieces,,true,"https://images.salsify.com/image/upload/s--D7fUvCl2--/if_w_gt_2048,w_2048,c_fit/c6381a886cddc54d7313726deac7f59ef7ced492.jpg",https://libbeyfoodservice.com/product/260
8466,Citation Tall Wine,Libbey,Citation,All Purpose Wine,wine,6.5,192.2,6.13,2.5,155.7,63.5,5.95,6.80,36 Pieces,,true,"https://images.salsify.com/image/upload/s---3t7R1jS--/if_w_gt_2048,w_2048,c_fit/fb7dba9a286eac7bf5809f4e8694de0bda490104.jpg",https://libbeyfoodservice.com/product/8466
3769,"Embassy Wine - 5.375"" High",Libbey,Embassy,All Purpose Wine,wine,6.5,192.2,5.38,2.88,136.7,73.2,6.10,7.00,24 Pieces,,true,"https://images.salsify.com/image/upload/s--SkOWIY17--/if_w_gt_2048,w_2048,c_fit/4f4f8743a44fd580eff4715237ec975217040d12.jpg",https://libbeyfoodservice.com/product/3769
3766,"Embassy Wine - 6.25"" High",Libbey,Embassy,All Purpose Wine,wine,6.5,192.2,6.25,2.63,158.8,66.8,6.10,7.00,36 Pieces,,true,"https://images.salsify.com/image/upload/s--QBVIpB7Q--/if_w_gt_2048,w_2048,c_fit/953ea7577541092028a68832cd4a17ba1db83865.jpg",https://libbeyfoodservice.com/product/3766
8766,Napa Country Tall Wine,Libbey,Napa Country,All Purpose Wine,wine,6.5,192.2,6.5,2.63,165.1,66.8,6.35,7.25,36 Pieces,,true,"https://images.salsify.com/image/upload/s--G4DdMKoa--/if_w_gt_2048,w_2048,c_fit/c83609fd4d4f51744e6d34f5580728bceae11383.jpg",https://libbeyfoodservice.com/product/8766
8764,Napa Country White Wine,Libbey,Napa Country,All Purpose Wine,wine,7.75,229.2,6.75,2.75,171.4,69.8,6.45,7.35,36 Pieces,,true,"https://images.salsify.com/image/upload/s--lPJk9nav--/if_w_gt_2048,w_2048,c_fit/80d3f63e5ae739a8530809784b3b063d945b1be6.jpg",https://libbeyfoodservice.com/product/8764
3264,Chivalry Wine,Libbey,Chivalry,All Purpose Wine,wine,8.0,236.6,6.25,3.0,158.8,76.2,7.60,8.65,36 Pieces,,true,"https://images.salsify.com/image/upload/s--_d4pY6zu--/if_w_gt_2048,w_2048,c_fit/f9b25c72a4de2da4c195a417992b1331c1b1e91f.jpg",https://libbeyfoodservice.com/product/3264
8464,Citation Wine/Beer,Libbey,Citation,All Purpose Wine,wine,8.0,236.6,6.75,2.88,171.4,73.2,5.95,6.80,24 Pieces,,true,"https://images.salsify.com/image/upload/s--mJ0vhWDM--/if_w_gt_2048,w_2048,c_fit/e50e9769f3517132b5fbee4980cf9f3cbb554ab4.jpg",https://libbeyfoodservice.com/product/8464
3065,Perception Wine,Libbey,Perception,All Purpose Wine,wine,8.0,236.6,7.25,3.0,184.1,76.2,6.15,7.05,24 Pieces,,true,"https://images.salsify.com/image/upload/s--Wtrp_8p3--/if_w_gt_2048,w_2048,c_fit/4b0ae7479b125e62d32a7c1a23406d3cd5f5d4d0.jpg",https://libbeyfoodservice.com/product/3065
12015,Orbital Beverage,Libbey,Orbital,All Purpose Wine,wine,8.5,251.4,3.68,2.9,93.5,73.7,2.90,3.30,12 Pieces,,true,"https://images.salsify.com/image/upload/s--v0dS4f5R--/if_w_gt_2048,w_2048,c_fit/ddf90472ad34928ce9f52e4501ced373b8516c92.jpg",https://libbeyfoodservice.com/product/12015
8565SR,Bristol Valley Chalice Wine,Libbey,Bristol Valley,All Purpose Wine,wine,8.5,251.4,6.88,3.0,174.8,76.2,6.90,7.90,24 Pieces,,true,"https://images.salsify.com/image/upload/s--cU3A37u0--/if_w_gt_2048,w_2048,c_fit/134acb94439211f50a786067603bd011448d1d3a.jpg",https://libbeyfoodservice.com/product/8565sr
1350329,Definition Champagne,Spiegelau,Definition,All Purpose Wine,wine,8.5,251.4,9.45,3.15,240.0,80.0,34.80,39.75,6 Pieces,,true,"https://images.salsify.com/image/upload/s--yf8tL49t--/if_w_gt_2048,w_2048,c_fit/a508f7182726316415f6f859105ed492ce9a9af2.jpg",https://libbeyfoodservice.com/product/1350329
3764,"Embassy Wine - 5.625"" High",Libbey,Embassy,All Purpose Wine,wine,8.5,251.4,5.38,2.88,136.7,73.2,6.10,7.00,24 Pieces,,true,"https://images.salsify.com/image/upload/s--xOto2BKU--/if_w_gt_2048,w_2048,c_fit/e0355869e0b14e4b6d461aa7e24d0ba83ab35ae9.jpg",https://libbeyfoodservice.com/product/3764
3765,"Embassy Wine - 6.375"" High",Libbey,Embassy,All Purpose Wine,wine,8.5,251.4,6.38,2.75,162.1,69.8,6.10,7.00,24 Pieces,,true,"https://images.salsify.com/image/upload/s--YGcgrHUl--/if_w_gt_2048,w_2048,c_fit/da2682837d097919f7c90ca215359537f0e6dcfb.jpg",https://libbeyfoodservice.com/product/3765
3964,Teardrop Red Wine,Libbey,Teardrop,All Purpose Wine,wine,8.5,251.4,6.13,3.25,155.7,82.5,6.50,7.45,36 Pieces,,true,"https://images.salsify.com/image/upload/s--mFF6wEzH--/if_w_gt_2048,w_2048,c_fit/9fbb6c0aa1b0781b830a1b70410a7a18166f0572.jpg",https://libbeyfoodservice.com/product/3964
3965,Teardrop White Wine,Libbey,Teardrop,All Purpose Wine,wine,8.5,251.4,7.13,3.0,181.1,76.2,6.50,7.45,24 Pieces,,true,"https://images.salsify.com/image/upload/s--9wXND90p--/if_w_gt_2048,w_2048,c_fit/525dd504f20f5a8baada5f719443582a95c97b1f.jpg",https://libbeyfoodservice.com/product/3965
15464,Winchester Wine,Libbey,Winchester,All Purpose Wine,wine,8.5,251.4,5.68,3.0,144.3,76.2,10.55,12.05,36 Pieces,,true,"https://images.salsify.com/image/upload/s--BxivoVbh--/if_w_gt_2048,w_2048,c_fit/202bf95fc45949fcb9f9aa3e333b4108824f5e63.jpg",https://libbeyfoodservice.com/product/15464
8564SR,Bristol Valley White Wine,Libbey,Bristol Valley,All Purpose Wine,wine,8.75,258.8,7.5,2.88,190.5,73.2,6.90,7.90,24 Pieces,,true,"https://images.salsify.com/image/upload/s--PVAMGJF0--/if_w_gt_2048,w_2048,c_fit/58fd22a7c9a2f705d4c54a4b3d36f05f7ac04eb3.jpg",https://libbeyfoodservice.com/product/8564sr
207,Stemless Stemless Wine,Libbey,Stemless,All Purpose Wine,wine,9.0,266.2,3.68,2.9,93.5,73.7,2.40,2.70,12 Pieces,,true,"https://images.salsify.com/image/upload/s--WqJdCHls--/if_w_gt_2048,w_2048,c_fit/ca6140f199c965116543fa770eee5ce8db75f3e1.jpg",https://libbeyfoodservice.com/product/207
8456,Citation Goblet,Libbey,Citation,All Purpose Wine,wine,10.0,295.7,7.0,3.0,177.8,76.2,5.95,6.80,24 Pieces,,true,"https://images.salsify.com/image/upload/s--6LdkVGyP--/if_w_gt_2048,w_2048,c_fit/0b4eb009cc6e3050d2936be24b1e7688eec70b7c.jpg",https://libbeyfoodservice.com/product/8456
3056,Perception Red Wine,Libbey,Perception,All Purpose Wine,wine,10.0,295.7,7.13,3.38,181.1,85.9,6.30,7.20,24 Pieces,,true,"https://images.salsify.com/image/upload/s--v2aroH9---/if_w_gt_2048,w_2048,c_fit/6bc3d28559cc1fc4b74b6271a7e9d9f7e919010c.jpg",https://libbeyfoodservice.com/product/3056
8756,Napa Country Goblet,Libbey,Napa Country,All Purpose Wine,wine,10.25,303.1,10.25,3.0,260.3,76.2,6.45,7.40,36 Pieces,,true,"https://images.salsify.com/image/upload/s--ClF56jcv--/if_w_gt_2048,w_2048,c_fit/2096ae73d8589d794a33851f037baef9b7d20884.jpg",https://libbeyfoodservice.com/product/8756
9150,Contour Wine,Reserve by Libbey,Contour,All Purpose Wine,wine,10.5,310.5,7.81,3.0,198.4,76.2,7.25,8.30,12 Pieces,,true,"https://images.salsify.com/image/upload/s--KEm_kkXt--/if_w_gt_2048,w_2048,c_fit/4114d61e32363f87eb5d2cf14960a140203f0f0c.jpg",https://libbeyfoodservice.com/product/9150
3757,Embassy Wine,Libbey,Embassy,All Purpose Wine,wine,10.5,310.5,6.0,3.38,152.4,85.9,5.95,6.80,36 Pieces,,true,"https://images.salsify.com/image/upload/s--8A3lC1zO--/if_w_gt_2048,w_2048,c_fit/8d605c70dba2d4ae53b5b9350401e5315f2ad044.jpg",https://libbeyfoodservice.com/product/3757
7531,Vina Wine,Libbey,Vina,All Purpose Wine,wine,10.5,310.5,7.63,3.0,193.8,76.2,6.05,6.90,12 Pieces,,true,"https://images.salsify.com/image/upload/s--Vi5gA5Wl--/if_w_gt_2048,w_2048,c_fit/59bbb6c9579eda914d851153ab074fba04dd68a6.jpg",https://libbeyfoodservice.com/product/7531
8551,Vina Wine Taster,Libbey,Vina,All Purpose Wine,wine,10.5,310.5,6.88,2.88,174.8,73.2,5.75,6.60,24 Pieces,,true,"https://images.salsify.com/image/upload/s--1oU11m77--/if_w_gt_2048,w_2048,c_fit/dca72f40bcd5e6e16125d7e651152436340ac455.jpg",https://libbeyfoodservice.com/product/8551
3957,Teardrop All Purpose Wine,Libbey,Teardrop,All Purpose Wine,wine,10.75,317.9,7.25,3.25,184.1,82.5,6.55,7.45,36 Pieces,,true,"https://images.salsify.com/image/upload/s--ZzTgYf9---/if_w_gt_2048,w_2048,c_fit/823c49d31101dfcd83edb527aafc5650247a9aad.jpg",https://libbeyfoodservice.com/product/3957
8472,Citation White Wine,Libbey,Citation,All Purpose Wine,wine,11.0,325.3,6.88,3.25,174.8,82.5,5.95,6.80,24 Pieces,,true,"https://images.salsify.com/image/upload/s--5lJqIM0Q--/if_w_gt_2048,w_2048,c_fit/fc54457e5cca63c81c4bd12d8e9153c090b4222f.jpg",https://libbeyfoodservice.com/product/8472
3057,Perception Wine,Libbey,Perception,All Purpose Wine,wine,11.0,325.3,7.88,3.13,200.2,79.5,6.40,7.30,24 Pieces,,true,"https://images.salsify.com/image/upload/s--un3H_7Pu--/if_w_gt_2048,w_2048,c_fit/d5a0d3f15f14086cdca27652eb86071eff184e5e.jpg",https://libbeyfoodservice.com/product/3057
3057/1178N,Perception Wine With Pour Lines,Libbey,Perception,All Purpose Wine,wine,11.0,325.3,7.88,3.13,200.2,79.5,8.50,9.70,24 Pieces,,true,"https://images.salsify.com/image/upload/s--4tiU0kln--/if_w_gt_2048,w_2048,c_fit/b1c9863345675aef8b909212a5dab915ec5177a3.jpg",https://libbeyfoodservice.com/product/3057-1178n
4518002,Vino Grande White Wine,Spiegelau,Vino Grande,White Wine,wine,11.5,340.1,8.25,3.13,209.5,79.5,15.65,17.85,12 Pieces,,true,"https://images.salsify.com/image/upload/s--lgoPeV2X--/if_w_gt_2048,w_2048,c_fit/8594046c8be6d76fb4d06a7235446749c2fb5aee.jpg",https://libbeyfoodservice.com/product/4518002
217,Stemless White Wine,Libbey,Stemless,All Purpose Wine,wine,11.75,347.5,4.0,3.25,101.6,82.5,3.65,4.15,12 Pieces,,true,"https://images.salsify.com/image/upload/s--DS56ElLA--/if_w_gt_2048,w_2048,c_fit/b4a43919ea3e79a39c94770dfb046d70834d9697.jpg",https://libbeyfoodservice.com/product/217
217/AG8N1P,"Stemless Wine Glass, Blush",Libbey,Stemless,All Purpose Wine,wine,11.75,347.5,4.0,3.25,101.6,82.5,4.70,5.40,12 Pieces,,true,"https://images.salsify.com/image/upload/s--PuC9xjDY--/if_w_gt_2048,w_2048,c_fit/cc9c65b94c091d27f4e2750df3c05432cf4f51c7.jpg",https://libbeyfoodservice.com/product/217-ag8n1p
217/AK1K2K,"Stemless Wine Glass, Sapphire",Libbey,Stemless,All Purpose Wine,wine,11.75,347.5,4.0,3.25,101.6,82.5,4.70,5.40,12 Pieces,,true,"https://images.salsify.com/image/upload/s--2PsLIZwI--/if_w_gt_2048,w_2048,c_fit/52722a0928e7eb42fee4264e4dadaee8f065dbdc.jpg",https://libbeyfoodservice.com/product/217-ak1k2k
12016,Orbital Stackable Beverage,Libbey,Orbital,All Purpose Wine,wine,12.0,354.9,4.13,3.23,104.9,82.0,4.05,4.60,12 Pieces,,true,"https://images.salsify.com/image/upload/s--5_7iP9qu--/if_w_gt_2048,w_2048,c_fit/358c97bb2005baca8b0aaedbd45655ba88ccb5a2.jpg",https://libbeyfoodservice.com/product/12016
8412,Citation Gourmet Tall Wine,Libbey,Citation,All Purpose Wine,wine,12.0,354.9,7.88,3.38,200.2,85.9,9.15,10.45,12 Pieces,,true,"https://images.salsify.com/image/upload/s--HeMtLCLT--/if_w_gt_2048,w_2048,c_fit/85c8575dbfdae0f70ca71a49c4a8fea2ea1a6acf.jpg",https://libbeyfoodservice.com/product/8412
9151,"Contour Wine - 8"" High",Reserve by Libbey,Contour,All Purpose Wine,wine,12.0,354.9,8.0,3.14,203.2,79.8,7.50,8.55,12 Pieces,,true,"https://images.salsify.com/image/upload/s--zFBSb3wp--/if_w_gt_2048,w_2048,c_fit/b462027372de00f84ca0320231a92789a6c03361.jpg",https://libbeyfoodservice.com/product/9151
9231,"Contour Wine - 8.125"" High",Reserve by Libbey,Contour,All Purpose Wine,wine,12.0,354.9,8.13,3.09,206.5,78.5,7.50,8.55,12 Pieces,,true,"https://images.salsify.com/image/upload/s--y23BkGUf--/if_w_gt_2048,w_2048,c_fit/de19b2a06908ae80eec5f4be996fa26ecc241536.jpg",https://libbeyfoodservice.com/product/9231
1009407,Element Wine,Libbey,Element,All Purpose Wine,wine,12.0,354.9,3.56,3.62,90.4,91.9,4.30,4.90,12 Pieces,,true,"https://images.salsify.com/image/upload/s--d3Xxrzrm--/if_w_gt_2048,w_2048,c_fit/b0edb77ea25e212577f230ac4500960f611d5707.jpg",https://libbeyfoodservice.com/product/1009407
92410,Infinium Classic Wine,Libbey,Infinium,All Purpose Wine,wine,12.0,354.9,7.88,3.13,200.2,79.5,10.35,11.80,12 Pieces,,true,"https://images.salsify.com/image/upload/s--5yt4aKFs--/if_w_gt_2048,w_2048,c_fit/509f06317680c02daa8da09cb4c533efb7aaf94b.jpg",https://libbeyfoodservice.com/product/92410
3911,Teardrop Goblet,Libbey,Teardrop,All Purpose Wine,wine,12.0,354.9,7.25,3.38,184.1,85.9,6.50,7.40,36 Pieces,,true,"https://images.salsify.com/image/upload/s--KJJpLO_o--/if_w_gt_2048,w_2048,c_fit/971118a4dd6969f64a4964e40683e025f7285760.jpg",https://libbeyfoodservice.com/product/3911
7502,Vina Tall Wine,Libbey,Vina,All Purpose Wine,wine,12.0,354.9,8.13,3.38,206.5,85.9,6.10,7.00,12 Pieces,,true,"https://images.salsify.com/image/upload/s---5Lcu1l9--/if_w_gt_2048,w_2048,c_fit/29689c31161aa9115ccc920eff40c0e126c518d6.jpg",https://libbeyfoodservice.com/product/7502
7519,Vina Wine,Libbey,Vina,All Purpose Wine,wine,12.0,354.9,8.5,3.13,215.9,79.5,6.10,7.00,12 Pieces,,true,"https://images.salsify.com/image/upload/s--E_uvHqg3--/if_w_gt_2048,w_2048,c_fit/eac1173b196c31e178d743d4b1b793a39ffb3678.jpg",https://libbeyfoodservice.com/product/7519
109299,Infinium Stemless Wine Glass,Libbey,Infinium,All Purpose Wine,wine,12.25,362.3,4.5,2.38,114.3,60.5,5.85,6.70,12 Pieces,,true,"https://images.salsify.com/image/upload/s--T2eOFCrS--/if_w_gt_2048,w_2048,c_fit/52894fa9d950f6d7d1be4f16d2608c8c4b328618.jpg",https://libbeyfoodservice.com/product/109299
4078001,Soiree Red Wine/Water Goblet,Spiegelau,Soiree,Red Wine,wine,12.25,362.3,7.88,3.13,200.2,79.5,13.60,15.55,12 Pieces,,true,"https://images.salsify.com/image/upload/s---G3PVajS--/if_w_gt_2048,w_2048,c_fit/427d70f2db299545190b350b8578e021b289feda.jpg",https://libbeyfoodservice.com/product/4078001
8572SR,Bristol Valley Chalice Wine,Libbey,Bristol Valley,All Purpose Wine,wine,12.5,369.7,7.5,3.38,190.5,85.9,7.05,8.05,24 Pieces,,true,"https://images.salsify.com/image/upload/s--SdcD_iiv--/if_w_gt_2048,w_2048,c_fit/8049c964a0b135a717cad6e3b2589d58297e1ad2.jpg",https://libbeyfoodservice.com/product/8572sr
1009404,Contour Pour Control 12.5 Oz Wine,Reserve by Libbey,Contour,All Purpose Wine,wine,12.5,369.7,8.06,3.71,204.7,94.2,7.60,8.70,12 Pieces,,true,"https://images.salsify.com/image/upload/s--guXafCQ0--/if_w_gt_2048,w_2048,c_fit/bdfdc295794b0c3b92300712628f3e79e5db1357.jpg",https://libbeyfoodservice.com/product/1009404
7516,Vina Diamond Tall Wine,Libbey,Vina,All Purpose Wine,wine,12.5,369.7,8.63,3.25,219.2,82.5,6.15,7.00,12 Pieces,,true,"https://images.salsify.com/image/upload/s--ZsSevlNq--/if_w_gt_2048,w_2048,c_fit/8db43bdaf5fe85d1a286aa681e1a6a6445f9666a.jpg",https://libbeyfoodservice.com/product/7516
7532,Vina Wine,Libbey,Vina,All Purpose Wine,wine,12.5,369.7,8.0,3.13,203.2,79.5,6.15,7.00,12 Pieces,,true,"https://images.salsify.com/image/upload/s--x5nUVJSu--/if_w_gt_2048,w_2048,c_fit/a5c4b7b7afb245a15e5dfbbd140546d13496f77d.jpg",https://libbeyfoodservice.com/product/7532
4328001,Hybrid White Wine,Spiegelau,Hybrid,White Wine,wine,12.75,377.1,9.5,3.13,241.3,79.5,20.20,23.10,12 Pieces,,true,"https://images.salsify.com/image/upload/s--B1rIDi9d--/if_w_gt_2048,w_2048,c_fit/711d1b3cbaeb6a06cdc0caf524d359f16674ba8b.jpg",https://libbeyfoodservice.com/product/4328001
9322,Prism Wine,Reserve by Libbey,Prism,All Purpose Wine,wine,12.75,377.1,9.0,3.4,228.6,86.4,9.15,10.45,12 Pieces,,true,"https://images.salsify.com/image/upload/s--IpEepo6v--/if_w_gt_2048,w_2048,c_fit/497051df0f056cc5dd7fc97f4e22b34abb2f4281.jpg",https://libbeyfoodservice.com/product/9322
8552,Vina Wine Taster,Libbey,Vina,All Purpose Wine,wine,12.75,377.1,7.5,3.25,190.5,82.5,5.80,6.65,24 Pieces,,true,"https://images.salsify.com/image/upload/s--TFKnEpEi--/if_w_gt_2048,w_2048,c_fit/03e7399674b39a6af39a2853cd2c237b520a50da.jpg",https://libbeyfoodservice.com/product/8552
7508,"Vina Wine Taster, Tall",Libbey,Vina,All Purpose Wine,wine,12.75,377.1,8.25,3.38,209.5,85.9,6.05,6.90,12 Pieces,,true,"https://images.salsify.com/image/upload/s--VGxC8FlP--/if_w_gt_2048,w_2048,c_fit/8246458dbe51377f24386c6bc264068e70f18678.jpg",https://libbeyfoodservice.com/product/7508
4098002,Winelovers White Wine,Spiegelau,Wine Lovers,White Wine,wine,12.75,377.1,8.0,3.0,203.2,76.2,10.65,12.20,12 Pieces,,true,"https://images.salsify.com/image/upload/s--h6n1eVFc--/if_w_gt_2048,w_2048,c_fit/e553f4685bfda5af22df7af6e9a187d411f4f347.jpg",https://libbeyfoodservice.com/product/4098002
8573SR,Bristol Valley White Wine,Libbey,Bristol Valley,All Purpose Wine,wine,13.0,384.5,7.5,3.38,190.5,85.9,7.05,8.05,24 Pieces,,true,"https://images.salsify.com/image/upload/s--ZoAI804F--/if_w_gt_2048,w_2048,c_fit/41143d8d8f0b2526b85cf98e94cc7d23b38c5e1b.jpg",https://libbeyfoodservice.com/product/8573sr
1009306,Virtuoso Wine Glass,Reserve by Libbey,Virtuoso,All Purpose Wine,wine,13.0,384.5,8.44,3.62,214.4,91.9,9.15,10.45,12 Pieces,,true,"https://images.salsify.com/image/upload/s--yhPYWpHv--/if_w_gt_2048,w_2048,c_fit/862a85f3c5f3caf35b3f87f2099116de2dd35529.jpg",https://libbeyfoodservice.com/product/1009306
9122,Renaissance Wine,Reserve by Libbey,Renaissance,All Purpose Wine,wine,13.25,391.8,8.5,3.15,215.9,80.0,7.80,8.95,12 Pieces,,true,"https://images.salsify.com/image/upload/s--m8iKyo6L--/if_w_gt_2048,w_2048,c_fit/456bfd5443eec66e5a22d6c71c34e3c76a810c1f.jpg",https://libbeyfoodservice.com/product/9122
8515SR,Bristol Valley Round Wine,Libbey,Bristol Valley,All Purpose Wine,wine,13.5,399.2,6.88,3.63,174.8,92.2,7.10,8.10,24 Pieces,,true,"https://images.salsify.com/image/upload/s--y87W35o8--/if_w_gt_2048,w_2048,c_fit/b1d578f84637206eb3f161a57fd9e19a725d07d8.jpg",https://libbeyfoodservice.com/product/8515sr
4028001,Festival Red Wine/Water Goblet,Spiegelau,Festival,Red Wine,wine,13.5,399.2,7.75,3.5,196.8,88.9,10.90,12.45,12 Pieces,,true,"https://images.salsify.com/image/upload/s--u0GOZIt0--/if_w_gt_2048,w_2048,c_fit/8e121975c01c912f0225064d1e76d9b049d22d44.jpg",https://libbeyfoodservice.com/product/4028001
3014,Perception Red Wine,Libbey,Perception,All Purpose Wine,wine,13.5,399.2,7.75,3.63,196.8,92.2,6.45,7.40,24 Pieces,,true,"https://images.salsify.com/image/upload/s--85zeygR_--/if_w_gt_2048,w_2048,c_fit/a403420b068d073bdaa2cf78c7cd4047387b6986.jpg",https://libbeyfoodservice.com/product/3014
8415,Citation Gourmet Round Wine,Libbey,Citation,All Purpose Wine,wine,13.75,406.6,6.63,4.0,168.4,101.6,9.15,10.45,12 Pieces,,true,"https://images.salsify.com/image/upload/s--ratSaDpN--/if_w_gt_2048,w_2048,c_fit/295686e5dddb38557622c315375b651cbced8f6d.jpg",https://libbeyfoodservice.com/product/8415
3011,Perception Tall Goblet,Libbey,Perception,All Purpose Wine,wine,14.0,414.0,8.25,3.38,209.5,85.9,6.35,7.25,24 Pieces,,true,"https://images.salsify.com/image/upload/s--1dWyEmIX--/if_w_gt_2048,w_2048,c_fit/e009de00a7d10f1ba51cecb31d35bb5cc84dd9e5.jpg",https://libbeyfoodservice.com/product/3011
3011/1178N,Perception Tall Goblet With Pour Lines,Libbey,Perception,All Purpose Wine,wine,14.0,414.0,8.25,3.38,209.5,85.9,8.50,9.70,24 Pieces,,true,"https://images.salsify.com/image/upload/s--Onbq7XbP--/if_w_gt_2048,w_2048,c_fit/789ea162ec4053367469a8fb4965186ede9903ae.jpg",https://libbeyfoodservice.com/product/3011-1178n
4808002,Authentis Casual White Wine,Spiegelau,Authentis Casual,White Wine,wine,14.25,421.4,4.25,3.38,107.9,85.9,14.90,17.00,12 Pieces,,true,"https://images.salsify.com/image/upload/s--y-4FOoRB--/if_w_gt_2048,w_2048,c_fit/c0bbfd660c7659448a2ab203517c88d9982bcf48.jpg",https://libbeyfoodservice.com/product/4808002
4408002,Authentis White Wine,Spiegelau,Authentis,White Wine,wine,14.25,421.4,8.25,3.38,209.5,85.9,19.05,21.75,12 Pieces,,true,"https://images.salsify.com/image/upload/s--qLROoedM--/if_w_gt_2048,w_2048,c_fit/063d8d4f96e7052eca606086fc6f29474940d298.jpg",https://libbeyfoodservice.com/product/4408002
4518001,Vino Grande Red Wine/Water,Spiegelau,Vino Grande,Red Wine,wine,14.25,421.4,8.88,3.38,225.6,85.9,15.75,17.95,12 Pieces,,true,"https://images.salsify.com/image/upload/s--hJ8jR27r--/if_w_gt_2048,w_2048,c_fit/a665c4f324332b5d0ad8d27c9cf09edff3ecf151.jpg",https://libbeyfoodservice.com/product/4518001
12017,Orbital Beverage,Libbey,Orbital,All Purpose Wine,wine,15.0,443.6,4.3,3.44,109.2,87.4,4.15,4.75,12 Pieces,,true,"https://images.salsify.com/image/upload/s--yIp339aS--/if_w_gt_2048,w_2048,c_fit/e7443778a0b6a699259887171ceb0d5e7ee40cfd.jpg",https://libbeyfoodservice.com/product/12017
1350302,Definition White Wine Glass,Spiegelau,Definition,White Wine,wine,15.0,443.6,9.0,3.38,228.6,85.9,34.55,39.50,6 Pieces,,true,"https://images.salsify.com/image/upload/s--FGQl_Gko--/if_w_gt_2048,w_2048,c_fit/479a8f7188eaf12f3427d225a7eb6a0594812020.jpg",https://libbeyfoodservice.com/product/1350302
1009408,Element Wine,Libbey,Element,All Purpose Wine,wine,15.0,443.6,3.92,3.9,99.6,99.1,4.50,5.15,12 Pieces,,true,"https://images.salsify.com/image/upload/s--zoiZ13RC--/if_w_gt_2048,w_2048,c_fit/5772fb2360b1341c818418c0e1c9fdd8e343a21b.jpg",https://libbeyfoodservice.com/product/1009408
92426,Infinium Classic Stemless Wine,Libbey,Infinium,All Purpose Wine,wine,15.0,443.6,4.3,3.44,109.2,87.4,7.45,8.50,12 Pieces,,true,"https://images.salsify.com/image/upload/s--R1CeePTA--/if_w_gt_2048,w_2048,c_fit/2b5c16e890eeb84e06a93c07e244b834f918eb0b.jpg",https://libbeyfoodservice.com/product/92426
213,Stemless Stemless Wine,Libbey,Stemless,All Purpose Wine,wine,15.0,443.6,4.3,3.44,109.2,87.4,3.45,3.90,12 Pieces,,true,"https://images.salsify.com/image/upload/s--xnOLhPeK--/if_w_gt_2048,w_2048,c_fit/93fb7139b92d5216b90bb8bdf4adc182971761e8.jpg",https://libbeyfoodservice.com/product/213
213/AG8N1P,"Stemless Wine Glass, Blush",Libbey,Stemless,All Purpose Wine,wine,15.0,443.6,4.3,3.44,109.2,87.4,4.45,5.10,12 Pieces,,true,"https://images.salsify.com/image/upload/s--_WL8aYSc--/if_w_gt_2048,w_2048,c_fit/2467d169462d5616ac245bf84489c155fc55bfd3.jpg",https://libbeyfoodservice.com/product/213-ag8n1p
213/AK1K2K,"Stemless Wine Glass, Sapphire",Libbey,Stemless,All Purpose Wine,wine,15.0,443.6,4.3,3.44,109.2,87.4,4.45,5.10,12 Pieces,,true,"https://images.salsify.com/image/upload/s--p_z2S7n0--/if_w_gt_2048,w_2048,c_fit/feb3c589eb7353d2acb60f1d02984471d76a90e1.jpg",https://libbeyfoodservice.com/product/213-ak1k2k
4678002,Style White Wine,Spiegelau,Style,White Wine,wine,15.0,443.6,8.75,3.38,222.2,85.9,11.80,13.50,12 Pieces,,true,"https://images.salsify.com/image/upload/s--ravLNPJO--/if_w_gt_2048,w_2048,c_fit/9c3ba836810ded1d99082c36395332905e19f893.jpg",https://libbeyfoodservice.com/product/4678002
231,Stemless White Wine,Libbey,Stemless,All Purpose Wine,wine,15.25,451.0,4.5,3.5,114.3,88.9,3.75,4.30,12 Pieces,,true,"https://images.salsify.com/image/upload/s--vFshIrnc--/if_w_gt_2048,w_2048,c_fit/78817ee55d943d4f18129013a9d7d79c42539308.jpg",https://libbeyfoodservice.com/product/231
231SM,"Stemless Wine, Moonstone Grey",Libbey,Stemless,All Purpose Wine,wine,15.25,451.0,4.5,3.5,114.3,88.9,6.25,7.15,12 Pieces,,true,"https://images.salsify.com/image/upload/s--uIllv_UW--/if_w_gt_2048,w_2048,c_fit/79be752f9cacd35a835d2459a8e6cab0c1fcb63b.jpg",https://libbeyfoodservice.com/product/231sm
231L,"Stemless Wine, Tidal Blue",Libbey,Stemless,All Purpose Wine,wine,15.25,451.0,4.5,3.5,114.3,88.9,6.25,7.15,12 Pieces,,true,"https://images.salsify.com/image/upload/s--3NxOdM2---/if_w_gt_2048,w_2048,c_fit/3ce761e815b9f3ba3cbf4da450a0fdd3f865b63b.jpg",https://libbeyfoodservice.com/product/231l
4808001,Authentis Casual Red Wine,Spiegelau,Authentis Casual,Red Wine,wine,15.5,458.4,4.5,3.5,114.3,88.9,15.35,17.50,12 Pieces,,true,"https://images.salsify.com/image/upload/s--m9WmSAhy--/if_w_gt_2048,w_2048,c_fit/3a74559d050783dca61aa71a505f0442c6f3ae6b.jpg",https://libbeyfoodservice.com/product/4808001
4028035,Festival Bordeaux,Spiegelau,Festival,All Purpose Wine,wine,15.5,458.4,8.38,3.5,212.9,88.9,11.20,12.80,12 Pieces,,true,"https://images.salsify.com/image/upload/s--ZG885jo0--/if_w_gt_2048,w_2048,c_fit/99bd8601b5b5e3ecc5e8e19e2f98fe1fd7c3f21b.jpg",https://libbeyfoodservice.com/product/4028035
4098001,Winelovers Red Wine,Spiegelau,Wine Lovers,All Purpose Wine,wine,15.5,458.4,8.5,2.5,215.9,63.5,10.75,12.30,12 Pieces,,true,"https://images.salsify.com/image/upload/s--W2t_72et--/if_w_gt_2048,w_2048,c_fit/3be7f21c9b3e84636ae08db6e898271c91d14084.jpg",https://libbeyfoodservice.com/product/4098001
4728002,Salute White Wine,Spiegelau,Salute,White Wine,wine,15.75,465.8,9.41,3.43,239.0,87.1,14.80,16.90,12 Pieces,,true,"https://images.salsify.com/image/upload/s--cKeqrm5q--/if_w_gt_2048,w_2048,c_fit/dc09d9a1caf65c9f44011efe16fa7e6b31a841b8.jpg",https://libbeyfoodservice.com/product/4728002
12019,Orbital Stackable Tumbler,Libbey,Orbital,All Purpose Wine,wine,16.0,473.2,3.81,3.8,96.8,96.5,4.20,4.80,12 Pieces,,true,"https://images.salsify.com/image/upload/s--AhVMXKVe--/if_w_gt_2048,w_2048,c_fit/9c81beca17ec85ff0a197dadf0367636148db790.jpg",https://libbeyfoodservice.com/product/12019
9323/U224A,"Acura Prism Pour Control, 5 Oz And 8 Oz Pour Lines",Reserve by Libbey,Acura,All Purpose Wine,wine,16.0,473.2,8.83,3.56,224.3,90.4,12.45,14.25,12 Pieces,,true,"https://images.salsify.com/image/upload/s--Kt2_pmnl--/if_w_gt_2048,w_2048,c_fit/891459ed48fdc164f2aaed0fc8cc81705c46700f.jpg",https://libbeyfoodservice.com/product/9323-u224a
9323/U225A,"Acura Prism Pour Control, 6 Oz And 9 Oz Pour Lines",Reserve by Libbey,Acura,All Purpose Wine,wine,16.0,473.2,8.83,3.56,224.3,90.4,12.45,14.25,12 Pieces,,true,"https://images.salsify.com/image/upload/s--TFV57yHK--/if_w_gt_2048,w_2048,c_fit/0c93337ebba6dbdc44040e602acd4b47210d8b84.jpg",https://libbeyfoodservice.com/product/9323-u225a
9123/U223A,"Acura Renaissance Pour Control, 5 Oz And 8 Oz Pour Lines",Reserve by Libbey,Acura,All Purpose Wine,wine,16.0,473.2,9.03,3.37,229.4,85.6,10.80,12.35,12 Pieces,,true,"https://images.salsify.com/image/upload/s--HTTRJi_1--/if_w_gt_2048,w_2048,c_fit/cb2cbbf49adfa87a1f2d1f7a6db1e2d86b26cc3b.jpg",https://libbeyfoodservice.com/product/9123-u223a
9123/U226A,"Acura Renaissance Pour Control, 6 Oz And 9 Oz Pour Lines",Reserve by Libbey,Acura,All Purpose Wine,wine,16.0,473.2,9.03,3.37,229.4,85.6,10.80,12.35,12 Pieces,,true,"https://images.salsify.com/image/upload/s--G1I3zNGU--/if_w_gt_2048,w_2048,c_fit/e3d00217fd1fdf9b248a98c404d937d3e13f2840.jpg",https://libbeyfoodservice.com/product/9123-u226a
1009403,Contour Pour Control 16 Oz Wine,Reserve by Libbey,Contour,All Purpose Wine,wine,16.0,473.2,8.85,4.03,224.8,102.4,7.75,8.85,12 Pieces,,true,"https://images.salsify.com/image/upload/s--igQndpNJ--/if_w_gt_2048,w_2048,c_fit/6211eddef9c09b552454c179f866da3d31811fc3.jpg",https://libbeyfoodservice.com/product/1009403
9152,"Contour Wine - 8.75"" High",Reserve by Libbey,Contour,All Purpose Wine,wine,16.0,473.2,8.69,3.44,220.7,87.4,7.60,8.70,12 Pieces,,true,"https://images.salsify.com/image/upload/s--kBuTbaBb--/if_w_gt_2048,w_2048,c_fit/7a400fc8a0782b0d5bd5a660ff0dbacbe6193dd7.jpg",https://libbeyfoodservice.com/product/9152
9233,"Contour Wine - 9"" High",Reserve by Libbey,Contour,All Purpose Wine,wine,16.0,473.2,8.92,3.38,226.6,85.9,7.60,8.70,12 Pieces,,true,"https://images.salsify.com/image/upload/s--Z5pmd6KC--/if_w_gt_2048,w_2048,c_fit/bd01041533f1c4275eac30f6590cdc46bded0049.jpg",https://libbeyfoodservice.com/product/9233
8416,Grande Vino,Libbey,Grande,All Purpose Wine,wine,16.0,473.2,8.25,3.63,209.5,92.2,10.30,11.80,12 Pieces,,true,"https://images.salsify.com/image/upload/s--T6a8G743--/if_w_gt_2048,w_2048,c_fit/a01bfc4d8dd19b9f5ae8f9ee00551eae985fc4ad.jpg",https://libbeyfoodservice.com/product/8416
92450,Infinium Prism Wine,Libbey,Infinium Prism,All Purpose Wine,wine,16.0,473.2,8.88,3.63,225.6,92.2,12.25,14.00,12 Pieces,,true,"https://images.salsify.com/image/upload/s--Vt36s5UK--/if_w_gt_2048,w_2048,c_fit/fbf8d29c0e1de59fba377d2ce7be91d6afbb3436.jpg",https://libbeyfoodservice.com/product/92450
9323,Prism Wine,Reserve by Libbey,Prism,All Purpose Wine,wine,16.0,473.2,8.83,3.56,224.3,90.4,9.20,10.50,12 Pieces,,true,"https://images.salsify.com/image/upload/s--7PB04XA7--/if_w_gt_2048,w_2048,c_fit/6d06f2cd25d38cd0c5d32ed9fd6911e423661d54.jpg",https://libbeyfoodservice.com/product/9323
9015,Renaissance Stemless,Reserve by Libbey,Renaissance,All Purpose Wine,wine,16.0,473.2,4.66,3.38,118.4,85.9,6.25,7.10,12 Pieces,,true,"https://images.salsify.com/image/upload/s--HtFVjjsp--/if_w_gt_2048,w_2048,c_fit/06a7d0bfb41946d3fc8ba5662bc7726b269965a9.jpg",https://libbeyfoodservice.com/product/9015
9123,Renaissance Wine,Reserve by Libbey,Renaissance,All Purpose Wine,wine,16.0,473.2,9.03,3.37,229.4,85.6,8.00,9.10,12 Pieces,,true,"https://images.salsify.com/image/upload/s--m8iKyo6L--/if_w_gt_2048,w_2048,c_fit/456bfd5443eec66e5a22d6c71c34e3c76a810c1f.jpg",https://libbeyfoodservice.com/product/9123
7510/1178N,Vina Pour Lines Tall Wine,Libbey,Vina,All Purpose Wine,wine,16.0,473.2,4.21,3.42,106.9,86.9,7.85,9.00,12 Pieces,,true,"https://images.salsify.com/image/upload/s--mnJeBb8z--/if_w_gt_2048,w_2048,c_fit/3952a4a3b7d256eef11fd795188328c4d09b2d6d.jpg",https://libbeyfoodservice.com/product/7510-1178n
7533/1178N,Vina Pour Lines Wine,Libbey,Vina,All Purpose Wine,wine,16.0,473.2,8.63,3.5,219.2,88.9,7.85,9.00,12 Pieces,,true,"https://images.salsify.com/image/upload/s--EJ_VZSYu--/if_w_gt_2048,w_2048,c_fit/629cc0d81ef88fb8a33331f58208f622e1271802.jpg",https://libbeyfoodservice.com/product/7533-1178n
7510,Vina Tall Wine,Libbey,Vina,All Purpose Wine,wine,16.0,473.2,9.0,3.5,228.6,88.9,6.25,7.10,12 Pieces,,true,"https://images.salsify.com/image/upload/s--OjaraPnu--/if_w_gt_2048,w_2048,c_fit/65ae67da529a69623e8dd42e8854d9993493abfc.jpg",https://libbeyfoodservice.com/product/7510
7533/1358M,Vina Vino Deco,Libbey,Vina,All Purpose Wine,wine,16.0,473.2,8.63,3.5,219.2,88.9,7.85,9.00,12 Pieces,,true,"https://images.salsify.com/image/upload/s--477W8FCA--/if_w_gt_2048,w_2048,c_fit/b601d8a3b84444c58e393853cdc3017c64098d68.jpg",https://libbeyfoodservice.com/product/7533-1358m
7533,Vina Wine,Libbey,Vina,All Purpose Wine,wine,16.0,473.2,8.63,3.5,219.2,88.9,6.25,7.10,12 Pieces,,true,"https://images.salsify.com/image/upload/s--mzEz46jy--/if_w_gt_2048,w_2048,c_fit/5268f58c671be1ff441b084fcfcc67cc7236efe3.jpg",https://libbeyfoodservice.com/product/7533
1009307,Virtuoso Wine Glass,Reserve by Libbey,Virtuoso,All Purpose Wine,wine,16.0,473.2,8.83,3.85,224.3,97.8,9.20,10.50,12 Pieces,,true,"https://images.salsify.com/image/upload/s--f6tJ9wof--/if_w_gt_2048,w_2048,c_fit/460ab4bf9da206eb07a0302fb47b5769cb86f489.jpg",https://libbeyfoodservice.com/product/1009307
4408001,Authentis Red Wine/Water,Spiegelau,Authentis,Red Wine,wine,16.25,480.6,8.68,3.5,220.5,88.9,19.45,22.20,12 Pieces,,true,"https://images.salsify.com/image/upload/s--9WDpWOBs--/if_w_gt_2048,w_2048,c_fit/95c1d3e3f57b7614d416fa8eeca05b808fe61623.jpg",https://libbeyfoodservice.com/product/4408001
92427,Infinium Classic Stemless Red Wine,Libbey,Infinium,All Purpose Wine,wine,16.75,495.4,3.88,3.88,98.6,98.6,7.25,8.30,12 Pieces,,true,"https://images.salsify.com/image/upload/s--_dmdRA_5--/if_w_gt_2048,w_2048,c_fit/c430d59f6b91b2cd30774462764cf004e6e4ee69.jpg",https://libbeyfoodservice.com/product/92427
222,Stemless Red Wine,Libbey,Stemless,Red Wine,wine,16.75,495.4,3.88,3.88,98.6,98.6,3.95,4.50,12 Pieces,,true,"https://images.salsify.com/image/upload/s--aZxKD7xA--/if_w_gt_2048,w_2048,c_fit/5365bb9c02cb7163624f5ec4df1545630fe6c1a6.jpg",https://libbeyfoodservice.com/product/222
4198002,Superiore White Wine,Spiegelau,Superiore,White Wine,wine,16.75,495.4,10.44,3.39,265.2,86.1,20.95,23.90,12 Pieces,,true,"https://images.salsify.com/image/upload/s--OWe_d1jP--/if_w_gt_2048,w_2048,c_fit/f4d9e76260dde9b6c9f32a3978ec260e614c0bf8.jpg",https://libbeyfoodservice.com/product/4198002
9230,Contour Wine,Reserve by Libbey,Contour,All Purpose Wine,wine,17.0,502.7,9.22,3.47,234.2,88.1,7.75,8.85,12 Pieces,,true,"https://images.salsify.com/image/upload/s--pkst_f1v--/if_w_gt_2048,w_2048,c_fit/c96f59c79c97fdf7613cddd27785163060bc45da.jpg",https://libbeyfoodservice.com/product/9230
1082,Molten Stemless Glass,Libbey,Stemless,All Purpose Wine,wine,17.0,502.7,4.5,3.53,114.3,89.7,4.10,4.70,12 Pieces,,true,"https://images.salsify.com/image/upload/s--mZ_nl5ru--/if_w_gt_2048,w_2048,c_fit/2447eba6135ebea09214cc8592675b12dad6c9e0.jpg",https://libbeyfoodservice.com/product/1082
221,Stemless Stemless White Wine,Libbey,Stemless,White Wine,wine,17.0,502.7,4.5,3.5,114.3,88.9,3.85,4.40,12 Pieces,,true,"https://images.salsify.com/image/upload/s--egcrYse1--/if_w_gt_2048,w_2048,c_fit/f5dfc872d4f541b39940c45f6ec8ad39d18c8eab.jpg",https://libbeyfoodservice.com/product/221
7553/1178N,Vina Pour Lines Wine,Libbey,Vina,All Purpose Wine,wine,17.0,502.7,9.25,3.5,234.9,88.9,7.90,9.00,12 Pieces,,true,"https://images.salsify.com/image/upload/s--e96KbzUg--/if_w_gt_2048,w_2048,c_fit/2939d86a7ddaf87689d243c5c8919a458ebf572e.jpg",https://libbeyfoodservice.com/product/7553-1178n
7553,Vina Wine,Libbey,Vina,All Purpose Wine,wine,17.0,502.7,9.25,3.5,234.9,88.9,6.25,7.15,12 Pieces,,true,"https://images.salsify.com/image/upload/s--ETKBhP8Y--/if_w_gt_2048,w_2048,c_fit/28c9d65e1c50ac685cbb4e7dcf85945b0556176f.jpg",https://libbeyfoodservice.com/product/7553
4078035,Soiree Bordeaux,Spiegelau,Soiree,All Purpose Wine,wine,17.5,517.5,8.75,3.63,222.2,92.2,13.95,15.95,12 Pieces,,true,"https://images.salsify.com/image/upload/s--25dOkaAm--/if_w_gt_2048,w_2048,c_fit/df0f140790aa49815992ecb9f1a105ea6652e63e.jpg",https://libbeyfoodservice.com/product/4078035
1062,Bujarda Stemless Wine,Libbey,Stemless,All Purpose Wine,wine,17.75,524.9,4.25,3.85,107.9,97.8,4.10,4.70,12 Pieces,,true,"https://images.salsify.com/image/upload/s--k9MjSH_h--/if_w_gt_2048,w_2048,c_fit/e91190b89890ffe34b62ac671a285b8230223dc7.jpg",https://libbeyfoodservice.com/product/1062
9154,Contour Balloon,Reserve by Libbey,Contour,All Purpose Wine,wine,18.0,532.3,8.05,3.85,204.5,97.8,7.75,8.85,12 Pieces,,true,"https://images.salsify.com/image/upload/s--vRCDzupY--/if_w_gt_2048,w_2048,c_fit/6fb4ff9b753a2c4e118669e634bbfe7a5a4243de.jpg",https://libbeyfoodservice.com/product/9154
9232,Contour Wine,Reserve by Libbey,Contour,All Purpose Wine,wine,18.0,532.3,8.86,3.48,225.0,88.4,7.60,8.70,12 Pieces,,true,"https://images.salsify.com/image/upload/s--IaDxB9J5--/if_w_gt_2048,w_2048,c_fit/535fec2a1211faa3ec2484cb062346d429e745df.jpg",https://libbeyfoodservice.com/product/9232
9318,Prism Stemless,Reserve by Libbey,Prism,All Purpose Wine,wine,18.0,532.3,4.65,3.71,118.1,94.2,7.10,8.15,12 Pieces,,true,"https://images.salsify.com/image/upload/s--b3BPri0g--/if_w_gt_2048,w_2048,c_fit/95132fc884265eaed8f52167b030ff2d1f071784.jpg",https://libbeyfoodservice.com/product/9318
9017,Renaissance Stemless,Reserve by Libbey,Renaissance,All Purpose Wine,wine,18.0,532.3,4.28,3.81,108.7,96.8,6.40,7.30,12 Pieces,,true,"https://images.salsify.com/image/upload/s--a-K-13kW--/if_w_gt_2048,w_2048,c_fit/b390d4320cbbf1a02f42a165c91f4aa2c9886f14.jpg",https://libbeyfoodservice.com/product/9017
7520,Vina Wine,Libbey,Vina,All Purpose Wine,wine,18.0,532.3,8.88,3.5,225.6,88.9,6.30,7.20,12 Pieces,,true,"https://images.salsify.com/image/upload/s--Jn8E7qg3--/if_w_gt_2048,w_2048,c_fit/c49da384df74e1db5541cbf2b4bf8dff13db603a.jpg",https://libbeyfoodservice.com/product/7520
7505,Vina Balloon,Libbey,Vina,All Purpose Wine,wine,18.25,539.7,8.25,4.0,209.5,101.6,6.35,7.25,12 Pieces,,true,"https://images.salsify.com/image/upload/s--oY5afbPT--/if_w_gt_2048,w_2048,c_fit/d2e6af5b946bff182ef4831e5efdb288392fdc53.jpg",https://libbeyfoodservice.com/product/7505
7515,Vina Diamond Balloon,Libbey,Vina,All Purpose Wine,wine,18.25,539.7,8.5,4.0,215.9,101.6,6.35,7.25,12 Pieces,,true,"https://images.salsify.com/image/upload/s--CvvSMOE---/if_w_gt_2048,w_2048,c_fit/8368eee1ea74684870d1e1202ebb4b749caa52fb.jpg",https://libbeyfoodservice.com/product/7515
4728001,Salute Red Wine,Spiegelau,Salute,Red Wine,wine,18.5,547.1,9.72,3.62,246.9,91.9,15.00,17.10,12 Pieces,,true,"https://images.salsify.com/image/upload/s--klCWxp6m--/if_w_gt_2048,w_2048,c_fit/e374081e90383cf40cd6dd66c8b34ae0fdc77289.jpg",https://libbeyfoodservice.com/product/4728001
7504,Vina Tall Wine,Libbey,Vina,All Purpose Wine,wine,18.5,547.1,9.13,3.63,231.9,92.2,6.40,7.30,12 Pieces,,true,"https://images.salsify.com/image/upload/s--8pz4MCp4--/if_w_gt_2048,w_2048,c_fit/e93b2e62a28583afe2440d126bb84839c32ab79b.jpg",https://libbeyfoodservice.com/product/7504
1350301,Definition Universal,Spiegelau,Definition,All Purpose Wine,wine,18.63,551.0,9.25,3.66,234.9,93.0,34.85,39.80,6 Pieces,,true,"https://images.salsify.com/image/upload/s--C4UjBgWt--/if_w_gt_2048,w_2048,c_fit/c1fcb208b495600ae436c8ff43f1cec25ed58bc5.jpg",https://libbeyfoodservice.com/product/1350301
8420,Grande Vino,Libbey,Grande,All Purpose Wine,wine,19.5,576.7,8.5,3.88,215.9,98.6,10.65,12.15,12 Pieces,,true,"https://images.salsify.com/image/upload/s--VHokwOQt--/if_w_gt_2048,w_2048,c_fit/e84ab6c790abffa8b7cd77d99a4283966122e59b.jpg",https://libbeyfoodservice.com/product/8420
602104,Speakeasy Gin/Wine,Libbey,Speakeasy,All Purpose Wine,wine,19.5,576.7,7.99,4.06,202.9,103.1,7.90,9.00,12 Pieces,,true,"https://images.salsify.com/image/upload/s--h6ma7_PS--/if_w_gt_2048,w_2048,c_fit/6be3c751ea9146d580cc72f87fb8849c2ae0c075.jpg",https://libbeyfoodservice.com/product/602104
4098035,Winelovers Bordeaux,Spiegelau,Wine Lovers,All Purpose Wine,wine,19.5,576.7,9.0,3.5,228.6,88.9,10.85,12.40,12 Pieces,,true,"https://images.salsify.com/image/upload/s--PQLFnS6h--/if_w_gt_2048,w_2048,c_fit/34684915b733e441ac047ba99f2845a88fe53c2d.jpg",https://libbeyfoodservice.com/product/4098035
9153,Contour Wine,Reserve by Libbey,Contour,All Purpose Wine,wine,19.75,584.1,9.05,3.63,229.9,92.2,7.80,8.90,12 Pieces,,true,"https://images.salsify.com/image/upload/s--2elaifo5--/if_w_gt_2048,w_2048,c_fit/94725d70739905314d20e41ad2929789305d1ea1.jpg",https://libbeyfoodservice.com/product/9153
7534,Vina Wine,Libbey,Vina,All Purpose Wine,wine,19.75,584.1,9.0,3.63,228.6,92.2,6.50,7.40,12 Pieces,,true,"https://images.salsify.com/image/upload/s--jqF1Kw-4--/if_w_gt_2048,w_2048,c_fit/c160e9cf867a06319d48f288204e205ca0834889.jpg",https://libbeyfoodservice.com/product/7534
1009401,Contour Pour Control 20 Oz Wine,Reserve by Libbey,Contour,All Purpose Wine,wine,20.0,591.5,9.1,4.22,231.1,107.2,7.95,9.10,12 Pieces,,true,"https://images.salsify.com/image/upload/s--Ov9KIiLA--/if_w_gt_2048,w_2048,c_fit/83771973ffd60e5d4e856d3b2e6c7f6bbbb9d661.jpg",https://libbeyfoodservice.com/product/1009401
3060,Perception Tall Wine,Libbey,Perception,All Purpose Wine,wine,20.0,591.5,8.88,3.88,225.6,98.6,6.55,7.45,12 Pieces,,true,"https://images.salsify.com/image/upload/s--8eytN0LB--/if_w_gt_2048,w_2048,c_fit/664871c7886bfa61f7a2defc0ea834961ffe048b.jpg",https://libbeyfoodservice.com/product/3060
9324,Prism Wine,Reserve by Libbey,Prism,All Purpose Wine,wine,20.0,591.5,9.22,3.89,234.2,98.8,9.40,10.75,12 Pieces,,true,"https://images.salsify.com/image/upload/s--l0-kp02n--/if_w_gt_2048,w_2048,c_fit/4262dd2a121d960c8854898ecfc80a656b234ee4.jpg",https://libbeyfoodservice.com/product/9324
9124,Renaissance Wine,Reserve by Libbey,Renaissance,All Purpose Wine,wine,20.0,591.5,9.38,3.6,238.3,91.4,8.20,9.35,12 Pieces,,true,"https://images.salsify.com/image/upload/s--m8iKyo6L--/if_w_gt_2048,w_2048,c_fit/456bfd5443eec66e5a22d6c71c34e3c76a810c1f.jpg",https://libbeyfoodservice.com/product/9124
1009308,Virtuoso Wine Glass,Reserve by Libbey,Virtuoso,All Purpose Wine,wine,20.0,591.5,9.22,4.16,234.2,105.7,9.40,10.75,12 Pieces,,true,"https://images.salsify.com/image/upload/s--cHV2k6Yo--/if_w_gt_2048,w_2048,c_fit/74dacae45f4a22c2a9e16137b88ec8233be94156.jpg",https://libbeyfoodservice.com/product/1009308
4518035,Vino Grande Bordeaux,Spiegelau,Vino Grande,All Purpose Wine,wine,21.0,621.0,8.88,3.75,225.6,95.2,15.80,18.05,12 Pieces,,true,"https://images.salsify.com/image/upload/s--d70G9pV---/if_w_gt_2048,w_2048,c_fit/7208beed0fe670d6f84da9a76128f788c0fc9191.jpg",https://libbeyfoodservice.com/product/4518035
4678001,Style Red Wine/Water,Spiegelau,Style,Red Wine,wine,21.25,628.4,8.88,3.75,225.6,95.2,11.90,13.60,12 Pieces,,true,"https://images.salsify.com/image/upload/s--Lt61qhY_--/if_w_gt_2048,w_2048,c_fit/6c6cdab6db8513a197e59cbb112735ae21cd3479.jpg",https://libbeyfoodservice.com/product/4678001
1001113,"Vina Gin Glass, 21.5 Oz.",Libbey,Vina,Red Wine,wine,21.5,635.8,7.59,4.38,192.8,111.3,6.80,7.80,12 Pieces,,true,"https://images.salsify.com/image/upload/s--87eOhnHa--/if_w_gt_2048,w_2048,c_fit/a18f18a4455a52eac77c102105b580b119db03b9.jpg",https://libbeyfoodservice.com/product/1001113
4678000,Style Burgundy,Spiegelau,Style,All Purpose Wine,wine,21.75,643.2,8.88,4.25,225.6,107.9,11.95,13.65,12 Pieces,,true,"https://images.salsify.com/image/upload/s--_Qs-Y2ih--/if_w_gt_2048,w_2048,c_fit/6c9c43cf0152aecbfa124ccce7a7205569d13d85.jpg",https://libbeyfoodservice.com/product/4678000
4408035,Authentis Bordeaux,Spiegelau,Authentis,All Purpose Wine,wine,22.0,650.6,9.13,3.75,231.9,95.2,19.65,22.45,12 Pieces,,true,"https://images.salsify.com/image/upload/s--BKqUg3Up--/if_w_gt_2048,w_2048,c_fit/e4a931a4b44f51576e6bc60927ee1e19762647bc.jpg",https://libbeyfoodservice.com/product/4408035
4328035,Hybrid Bordeaux,Spiegelau,Hybrid,All Purpose Wine,wine,23.0,680.2,9.5,4.13,241.3,104.9,20.70,23.70,12 Pieces,,true,"https://images.salsify.com/image/upload/s--6HuZqzlO--/if_w_gt_2048,w_2048,c_fit/2169c347801a5ddb12047b952b6151d7aa4d2064.jpg",https://libbeyfoodservice.com/product/4328035
9326,Prism Red Wine,Reserve by Libbey,Prism,All Purpose Wine,wine,24.0,709.8,9.44,4.33,239.8,110.0,9.55,10.90,12 Pieces,,true,"https://images.salsify.com/image/upload/s--oytrcaGg--/if_w_gt_2048,w_2048,c_fit/a95cfd0bb0ba06feac5588e7cc12916ae2fddf84.jpg",https://libbeyfoodservice.com/product/9326
9126,Renaissance Red Wine,Reserve by Libbey,Renaissance,All Purpose Wine,wine,24.0,709.8,8.88,4.31,225.6,109.5,8.35,9.55,12 Pieces,,true,"https://images.salsify.com/image/upload/s--mAWOM3tB--/if_w_gt_2048,w_2048,c_fit/0dbedece3c1b1b305b6a16193dc5d371246983d3.jpg",https://libbeyfoodservice.com/product/9126
4728035,Salute Bordeaux,Spiegelau,Salute,All Purpose Wine,wine,24.0,709.8,10.0,3.78,254.0,96.0,15.15,17.30,12 Pieces,,true,"https://images.salsify.com/image/upload/s--NQdrgPs---/if_w_gt_2048,w_2048,c_fit/f53568320b53805cae2def8ccd7e6ab9a5c36711.jpg",https://libbeyfoodservice.com/product/4728035
4518000,Vino Grande Burgundy,Spiegelau,Vino Grande,All Purpose Wine,wine,24.0,709.8,8.5,4.13,215.9,104.9,15.90,18.15,12 Pieces,,true,"https://images.salsify.com/image/upload/s--5qAz7wOf--/if_w_gt_2048,w_2048,c_fit/c101e72472065154e91332680f64c16b244a6c03.jpg",https://libbeyfoodservice.com/product/4518000
1009288,Virtuoso Wine Glass,Reserve by Libbey,Virtuoso,All Purpose Wine,wine,24.0,709.8,9.5,4.42,241.3,112.3,9.55,10.90,12 Pieces,,true,"https://images.salsify.com/image/upload/s--yMH5j2U_--/if_w_gt_2048,w_2048,c_fit/160735cf61b8a79c48c8f7c469ac170efd46491c.jpg",https://libbeyfoodservice.com/product/1009288
4408000,Authentis Burgundy,Spiegelau,Authentis,All Purpose Wine,wine,25.25,746.7,8.88,4.13,225.6,104.9,19.80,22.65,12 Pieces,,true,"https://images.salsify.com/image/upload/s--udYI9jdE--/if_w_gt_2048,w_2048,c_fit/0492e1b0b86374fe3a633cb7e7c5186115e4c50a.jpg",https://libbeyfoodservice.com/product/4408000
1350335,Definition Bordeaux,Spiegelau,Definition,Red Wine,wine,25.38,750.6,,,,,35.40,40.45,6 Pieces,,true,"https://images.salsify.com/image/upload/s--reS40HzS--/if_w_gt_2048,w_2048,c_fit/067ec62f0df39b8b37aa465bcbf49473eb49e9eb.jpg",https://libbeyfoodservice.com/product/1350335
9125,Renaissance Wine,Reserve by Libbey,Renaissance,All Purpose Wine,wine,26.0,768.9,9.76,3.9,247.9,99.1,8.55,9.80,12 Pieces,,true,"https://images.salsify.com/image/upload/s--wSGYt_yQ--/if_w_gt_2048,w_2048,c_fit/cabc7fff2116ef584bb9f9a0ea3924e245b7a03b.jpg",https://libbeyfoodservice.com/product/9125
4728000,Salute Burgundy,Spiegelau,Salute,All Purpose Wine,wine,27.5,813.3,9.72,4.25,246.9,107.9,15.25,17.40,12 Pieces,,true,"https://images.salsify.com/image/upload/s--WFD_YPQJ--/if_w_gt_2048,w_2048,c_fit/f87ed39fd7b647d8c262082d05dafabe0cf76c65.jpg",https://libbeyfoodservice.com/product/4728000
4198035,Superiore Bordeaux,Spiegelau,Superiore,All Purpose Wine,wine,27.5,813.3,10.44,4.1,265.2,104.1,21.30,24.30,12 Pieces,,true,"https://images.salsify.com/image/upload/s--2LxxPvr_--/if_w_gt_2048,w_2048,c_fit/32ad87aa676f88302f0ab92b0c4a064abbfdc2fe.jpg",https://libbeyfoodservice.com/product/4198035
4198000,Superiore Burgundy,Spiegelau,Superiore,All Purpose Wine,wine,28.2,834.0,10.44,4.41,265.2,112.0,21.35,24.40,12 Pieces,,true,"https://images.salsify.com/image/upload/s--KDqhQUDz--/if_w_gt_2048,w_2048,c_fit/b44953602da68a6f6d0f4078b0a4f14ada128397.jpg",https://libbeyfoodservice.com/product/4198000
4328000,Hybrid Burgundy,Spiegelau,Hybrid,All Purpose Wine,wine,28.5,842.8,9.5,4.75,241.3,120.6,21.05,24.05,12 Pieces,,true,"https://images.salsify.com/image/upload/s--wVGi660g--/if_w_gt_2048,w_2048,c_fit/ea1be9835e72ead6025a5308c654a2c803ef265f.jpg",https://libbeyfoodservice.com/product/4328000
1350300,Definition Burgundy,Spiegelau,Definition,Red Wine,wine,32.5,961.1,9.06,4.92,230.1,125.0,35.45,40.55,6 Pieces,,true,"https://images.salsify.com/image/upload/s--zlE5WQ_r--/if_w_gt_2048,w_2048,c_fit/5fbd21699aaea78c8c6a0ca787d7124c326f3878.jpg",https://libbeyfoodservice.com/product/1350300
75111,Bar Accessories Bar Spoon-Red Tip,Libbey,Bar,Serving Utensil Serveware,,,,,,,,4.80,5.50,24 Pieces,,true,"https://images.salsify.com/image/upload/s--sfPUF2ij--/if_w_gt_2048,w_2048,c_fit/49e63d228431929f7d5123a91263b2995d42bae1.jpg",https://libbeyfoodservice.com/product/75111
75138,Bar Accessories Can & Bottle Opener,Libbey,Bar,Can Opener,,,,,,,,0.80,0.90,60 Pieces,,true,"https://images.salsify.com/image/upload/s--uExqHFP1--/if_w_gt_2048,w_2048,c_fit/82248ad54d832fd16038f20ef827bf156f7c1803.jpg",https://libbeyfoodservice.com/product/75138
KS-100,Bar Accessories Wing Corkscrew,Libbey,Bar,Can Opener,,,,1.42,1.97,36.1,50.0,9.75,11.15,1 Piece,,true,"https://images.salsify.com/image/upload/s--U9SFozEj--/if_w_gt_2048,w_2048,c_fit/7dced3e77c2665b683d82ae5892c3bfb2c05fe35.jpg",https://libbeyfoodservice.com/product/ks-100
13245220,Warm Beverage Espresso,Libbey,Warm Beverage,Warm Coffee Mug,,2.75,81.3,2.25,3.38,57.1,85.9,6.00,6.85,12 Pieces,,true,"https://images.salsify.com/image/upload/s--4zYuT6Vr--/if_w_gt_2048,w_2048,c_fit/bacc442b9fb0db5772dbf3fe50d5ee81ccbf9e01.jpg",https://libbeyfoodservice.com/product/13245220
13220319,Warm Beverage Cappuccino,Libbey,Warm Beverage,Warm Coffee Mug,,6.0,177.4,3.0,4.25,76.2,107.9,8.40,9.60,12 Pieces,,true,"https://images.salsify.com/image/upload/s--Qnkwb6Fi--/if_w_gt_2048,w_2048,c_fit/4fa379502613748fcb01a91ff7315c1c36ca45cc.jpg",https://libbeyfoodservice.com/product/13220319
5115,Fountainware Tulip Sundae,Libbey,Fountain,Fountainware Serveware,,6.5,192.2,4.88,4.0,124.0,101.6,6.90,7.85,36 Pieces,,true,"https://images.salsify.com/image/upload/s--KCQyN9B4--/if_w_gt_2048,w_2048,c_fit/7663a31d9adc566cf4220517802e28e15aadeea2.jpg",https://libbeyfoodservice.com/product/5115
5292,Warm Beverage Straight Sided Irish Coffee,Libbey,Warm Beverage,Warm Coffee Mug,,8.0,236.6,6.38,3.63,162.1,92.2,10.30,11.75,24 Pieces,,true,"https://images.salsify.com/image/upload/s--pw_tpm1b--/if_w_gt_2048,w_2048,c_fit/0168b8ef804b9098249cf20ac8a0353f156e80e2.jpg",https://libbeyfoodservice.com/product/5292
5293,Warm Beverage Catalina Irish Coffee,Libbey,Warm Beverage,Warm Coffee Mug,,8.5,251.4,5.88,3.63,149.4,92.2,9.65,11.00,24 Pieces,,true,"https://images.salsify.com/image/upload/s--dfL0sAl4--/if_w_gt_2048,w_2048,c_fit/77e9d1e77cb57a2942d75434ae1c96b84e05965c.jpg",https://libbeyfoodservice.com/product/5293
5295,Warm Beverage Flared Irish Coffee,Libbey,Warm Beverage,Warm Coffee Mug,,8.5,251.4,5.75,4.13,146.0,104.9,10.30,11.75,24 Pieces,,true,"https://images.salsify.com/image/upload/s--_xkQxmAG--/if_w_gt_2048,w_2048,c_fit/6e3cb4bdcd7c6e99c659a7e9a1064bc4b84adf0c.jpg",https://libbeyfoodservice.com/product/5295
782,"Beverage Service Carafe, Flared Top",Libbey,Decanters & Pitchers,Decanter Serveware,,10.0,295.7,6.5,2.5,165.1,63.5,5.30,6.05,12 Pieces,,true,"https://images.salsify.com/image/upload/s--d0FXtes4--/if_w_gt_2048,w_2048,c_fit/978100981a182a8168776cfb3c4b25bdd74b519e.jpg",https://libbeyfoodservice.com/product/782
5724,Warm Beverage All Purpose Mug,Libbey,Warm Beverage,Warm Coffee Mug,,10.0,295.7,4.13,4.38,104.9,111.3,4.65,5.30,36 Pieces,,true,"https://images.salsify.com/image/upload/s--hHfKm7GB--/if_w_gt_2048,w_2048,c_fit/1dd15c0f4dcfb856abf454d003953a4f9ffa898a.jpg",https://libbeyfoodservice.com/product/5724
5201,Warm Beverage Mug,Libbey,Warm Beverage,Warm Coffee Mug,,10.0,295.7,3.5,4.5,88.9,114.3,4.55,5.20,12 Pieces,,true,"https://images.salsify.com/image/upload/s--IEiJjRKf--/if_w_gt_2048,w_2048,c_fit/f37e56f6be1a966b121f73a141622bec95b6d569.jpg",https://libbeyfoodservice.com/product/5201
5304,Warm Beverage Irish Coffee,Libbey,Warm Beverage,Warm Coffee Mug,,10.5,310.5,5.0,4.25,127.0,107.9,9.75,11.15,12 Pieces,,true,"https://images.salsify.com/image/upload/s--VZXDhDlD--/if_w_gt_2048,w_2048,c_fit/da9b17116553972f39204114c3247dc1c22097d8.jpg",https://libbeyfoodservice.com/product/5304
5213,Warm Beverage Mug,Libbey,Warm Beverage,Warm Coffee Mug,,13.0,384.5,3.8,4.75,96.5,120.6,5.75,6.55,12 Pieces,,true,"https://images.salsify.com/image/upload/s--cZULBYIB--/if_w_gt_2048,w_2048,c_fit/f284a6d7cc92e214260a015160d53cf2f7110f77.jpg",https://libbeyfoodservice.com/product/5213
1009289,Bourbon Cocktail,Reserve by Libbey,Kentucky Bourbon Trail,,,13.5,399.2,4.03,3.61,102.4,91.7,9.50,10.85,12 Pieces,,true,"https://images.salsify.com/image/upload/s--L1y4L5nb--/if_w_gt_2048,w_2048,c_fit/ff3007fcd0bd7b582bc0252b1f58748ba7c1afe0.jpg",https://libbeyfoodservice.com/product/1009289
5352,Tempo Square Mug,Libbey,Tempo,Warm Coffee Mug,,14.0,414.0,4.0,4.75,101.6,120.6,8.20,9.40,12 Pieces,,true,"https://images.salsify.com/image/upload/s--1BW_pafu--/if_w_gt_2048,w_2048,c_fit/d946366f9914e64f56f92aa8e9d5124f0c22dd07.jpg",https://libbeyfoodservice.com/product/5352
5344,Tapered Glass Mug,Libbey,Tapered,Warm Coffee Mug,,15.5,458.4,4.13,5.63,104.9,143.0,6.20,7.10,6 Pieces,,true,"https://images.salsify.com/image/upload/s--8gnIEqz3--/if_w_gt_2048,w_2048,c_fit/dbbf894c98091b03d3f9c00a673d98b37baa5998.jpg",https://libbeyfoodservice.com/product/5344
1009405,"Contour Goblet, 16-Ounce",Reserve by Libbey,Contour,,,16.0,473.2,7.38,3.45,187.5,87.6,7.75,8.85,12 Pieces,,true,"https://images.salsify.com/image/upload/s--I4RWZdX8--/if_w_gt_2048,w_2048,c_fit/1a564624327704da47379c2a5f07de3981804b6c.jpg",https://libbeyfoodservice.com/product/1009405
92455,Infinium Classic Mason Jar,Libbey,Infinium,Jar,,16.0,473.2,4.96,3.19,126.0,81.0,8.40,9.60,12 Pieces,,true,"https://images.salsify.com/image/upload/s--y26U7dj7--/if_w_gt_2048,w_2048,c_fit/184a7efecf991176d1a012758f4bb337cfe2aed6.jpg",https://libbeyfoodservice.com/product/92455
92103,Jars Drinking Jar,Libbey,Drinking Jar,Jar,,16.0,473.2,5.25,2.13,133.3,54.1,3.20,3.65,12 Pieces,,true,"https://images.salsify.com/image/upload/s--85gciYw1--/if_w_gt_2048,w_2048,c_fit/bba1dbfa269d9446569bced32ee78aaf283da328.jpg",https://libbeyfoodservice.com/product/92103
1009487,"Soccer Tumbler, 16 Oz.",Libbey,Restaurant Basics,,,16.0,473.2,5.88,3.5,149.4,88.9,3.45,3.90,24 Pieces,,false,"https://images.salsify.com/image/upload/s--Eud-5t0S--/if_w_gt_2048,w_2048,c_fit/4704ef9937ebde33fe26890cc224ae3a77248dc6.jpg",https://libbeyfoodservice.com/product/1009487
97085,Jars Handled County Fair Drinking Jar,Libbey,Drinking Jar,Jar,,16.5,488.0,5.25,4.13,133.3,104.9,3.10,3.55,12 Pieces,,true,"https://images.salsify.com/image/upload/s--t_smZ8ii--/if_w_gt_2048,w_2048,c_fit/a330c8364ea976a3df44efa8875cc43855bb55f5.jpg",https://libbeyfoodservice.com/product/97085
97084,Jars Handled Drinking Jar,Libbey,Drinking Jar,Jar,,16.5,488.0,5.25,4.13,133.3,104.9,3.15,3.60,12 Pieces,,true,"https://images.salsify.com/image/upload/s--ibw7lkSS--/if_w_gt_2048,w_2048,c_fit/555b60483278eac9dbcba507d4d0b8482440daeb.jpg",https://libbeyfoodservice.com/product/97084
13230520,Shaker Cocktail Shaker W/Black Lid,Libbey,Shaker,Bar Accessories,,19.75,584.1,6.88,3.38,174.8,85.9,23.35,26.65,12 Pieces,,true,"https://images.salsify.com/image/upload/s--hJDyivBK--/if_w_gt_2048,w_2048,c_fit/a80c603e0f7ef9efcce27ea0c2e36f5f63d9fe78.jpg",https://libbeyfoodservice.com/product/13230520
1000038,"Soccer Chalice, 21 Oz.",Libbey,Schooners,,,21.0,621.0,,,,,7.30,8.35,12 Pieces,,false,"https://images.salsify.com/image/upload/s--Xk8nDECU--/if_w_gt_2048,w_2048,c_fit/82839896ee437ecf290e53fb37d7476f518d3c48.jpg",https://libbeyfoodservice.com/product/1000038
926781,Ocular Stirring Glass,Libbey,Ocular,Decanter Serveware,,25.25,746.7,5.88,4.13,149.4,104.9,23.65,27.00,6 Pieces,,true,"https://images.salsify.com/image/upload/s--7jgpC5Yc--/if_w_gt_2048,w_2048,c_fit/068f9355aae2305efb17d185a515d70e352f236f.jpg",https://libbeyfoodservice.com/product/926781
795,Beverage Service Carafe,Libbey,Decanters & Pitchers,Decanter Serveware,,40.0,1182.9,10.75,3.8,273.1,96.5,14.85,16.95,12 Pieces,,true,"https://images.salsify.com/image/upload/s--Hd1GS3jF--/if_w_gt_2048,w_2048,c_fit/3716b8cac986ae028468c5de2484fc760162035a.jpg",https://libbeyfoodservice.com/product/795
1009290,"Oktoberfest Mug, 1L",Libbey,Oktoberfest,,,40.57,1199.8,,,,,14.00,16.00,6 Pieces,,true,"https://images.salsify.com/image/upload/s--1a3InFUY--/if_w_gt_2048,w_2048,c_fit/2e4c9c3ef93e1e6236ef7bbea9eed2dd06bf9bac.jpg",https://libbeyfoodservice.com/product/1009290
9570101,Super Stems Super Martini,Libbey,Super Stem,Grande,,44.0,1301.2,10.13,9.25,257.3,234.9,40.60,46.40,6 Pieces,,true,"https://images.salsify.com/image/upload/s--S3WNxcV_--/if_w_gt_2048,w_2048,c_fit/68ddee044031cd2d79ee7c3d05f793b8f855d914.jpg",https://libbeyfoodservice.com/product/9570101
